NOMBRE,TELEFONO,FAX,DIRECCION,HABITACION,PAG_INTERN,CATEGORIA_,CORREO,decimalLatitude,decimalLongitude,TIPO_den,año,TIPO_inf
ACON,2758-1010 / 2758-4099,2758-2924,"AVENIDA 3, CALLE 3 100 M ESTE DEL MERCADO CENTRAL","39",ND,"1",ND,9.992,-83.029,Agua,"2018",
AEROMUNDO,2494-0094,2494-6060,100 M ESTE DEL BANCO COSTA RICA,"9",www.hotelaeromundo.com,"0",info@hotelaeromundo.com,10.07,-84.309,Forestal,"2019",Tala
AEROPUERTO,2433-7333 / 2433-7352,2433-7933,4 KM OESTE DEL AEROPUERTO JUAN SANTAMARIA,"24",hotelaeropuerto.co.cr,"3",info@hotelaeropuerto.co.cr,10.005,-84.177,Suelos,"2019",
AGROTURISMO BRISAS DEL LAGO,2200-0079 / 2638-1228,2638-1228,LA PALMITA  ABANGARES HACIENDA LA TRAMPA,"6",ND,"1",ND,10.253,-85.051,Agua,"2018",
ALAJUELA,2441-1441 / 2441-6595,2441-7912,"25 M SUR DEL PARQUE DE ALAJUELA, COSTADO SURESTE","28",www.hotelalajuela.com,"1",ND,10.013,-84.213,Agua,"2018",
ALAMAR,2661-4343,2661-2726,AL FINAL DEL PASEO DE LOS TURISTAS,"30",www.alamarcr.com,"3",ND,9.973,-84.848,Suelos,"2019",
ALICE,2643-3061,2643-4107,"100 M SUR Y 50 M OESTE DE LA CRUZ ROJA, PLAYA JACO","29",ND,"1",ND,9.61,-84.628,Agua,"2018",
ALLEGRO RESORT PAPAGAYO,2690-9900 / 2690-9910,2690-9911,"PLAYA MANZANILLO, BAHIA CULEBRA","300",www.occidental-hoteles.com,"4",ND,10.527,-85.781,Mineria,"2019",
ALMA DE HATILLO,8850-9034,ND,"300 M SUR DE HATILLO BRIDGE, PUNTARENAS SUR","10",www.cabinasalma.com,"2",info@cabinasalma.com.,9.253,-83.864,Vida silvestre,"2018",
ALMENDROS Y CORALES,2759-9032 / 2271-3000,2272-2220,"2 KM ANTES DE MANZANILLO, 14 KM SUR DE PUERTO VIEJO DE LIMON","24",www.almondsandcorals.com/hotel.html,"3",ND,9.628,-82.661,Suelos,"2019",
ALMOST PARADISE,2682-0171,2682-0173,PLAYA NOSARA,"0",ND,"0",ND,9.972,-85.685,Forestal,"2019",Incendio 
AMANELI,2771-0352,2771-0352,SAN ISIDRO DE PEREZ ZELEDON,"0",ND,"1",ND,9.373,-83.704,Agua,"2018",
AMAPOLA,2643-2255,2643 3668,150 M ESTE DE LA MUNICIPALIDAD DE JACO,"53",www.hotelamapola.com,"4",ND,9.607,-84.62,Mineria,"2019",
AMATIERRA,2419-0110,2419-0094,2 KM ESTE DE LA IGLESIA DE SAN PABLO,"10",www.amatierra.com/contact.html,"3",info@amatierra.com,9.902,-84.425,Suelos,"2019",
AMBASSADOR,2221-8155 / 2221-8205,2255-3396,"PASEO COLON, CALLES 26 Y 28 FRENTE PIZZA HUT","74",www.hotelambassador.co.cr,"3",info@hotelambassador.co.cr,9.932,-84.091,Suelos,"2019",
AMELIA,2688-8087 / 2688-8172,2688-8172,FILADELFIA CENTRO,"19",ND,"1",ND,10.442,-85.551,Agua ,"2018",
AMERICA,2260-9292 / 2262-2627,2260-92-93,"AVENIDA 2 Y 4, CALLE 0 DE LA IGLESIA INMACULADA 50 M SUR","40",www.hotelamericacr.com,"3",ND,9.995,-84.116,Suelos,"2019",
AMON PLAZA CLARION,2523-4600,2523-4614,"AVENIDA 11, CALLE 3 BIS","87",http://www.hotelamonplaza.com/,"4",info@clarionhotel.com,9.936,-84.077,Mineria,"2019",
AMOR DE MAR,2642-0262,ND,MONTEZUMA COBANO,"11",http://amordemar.com/rooms.htm,"0",info@amordemar.com,9.658,-85.058,Forestal ,"2019",Invasion ASP
AMSTEL S.A,ND,ND,,"0",ND,"0",ND,9.934,-84.065,Forestal ,"2019",Invasion ASP 
ANDREA,2783-3784 / 2783-1050,2783-3715,"ENFRENTE DE LAS OFICINAS DEL ICE, CUIDAD NEILY","50",ND,"2",ND,8.647,-82.942,Vida silvestre,"2018",
ANGELS,2258-8273,ND,BARRIO LA CALIFORNIA,"0",ND,"0",ND,9.932,-84.068,Forestal ,"2019",Anillado arboles
AQUA SPORT,2672-0052,2672-0060,SEGUNDA ENTRADA PLAYA HERMOSA CARRILLO,"0",ND,"0",ND,10.574,-85.676,Forestal ,"2019",Tala 
ARA MACAO S.A,2257-6228,ND,CATEDRAL C 25 A 1,"0",ND,"0",ND,9.93,-84.07,Forestal ,"2019",Invasion ASP
ARANJUEZ S.A,2256-1825,ND,,"0",ND,"0",ND,9.936,-84.066,Forestal ,"2019",Anillado arboles
ARBOLEDA,2777-0092 / 2777-1056,2777-0092,6 KM DE QUEPOS CENTRO,"28",www.hotel-arboleda.com,"2",ND,9.391,-84.152,Vida silvestre,"2018",
ARCA DE NOE,2655-8065,ND,BEJUCO,"0",ND,"0",ND,9.815,-85.332,Forestal ,"2019",Incendio 
ARENAL COUNTRY INN,2479-9670 / 2283-0101,2479-9433,0.5 MILLAS SUR DE LA PARTE DE ATRAS DE LA IGLESIA CATOLICA LA FORTUNA,"20",www.arenalcountryinn.com,"3",info@arenalcountryinn.com,10.462,-84.643,Suelos,"2019",
ARENAL GREEN,2479-8383,ND,,"0",ND,"0",ND,10.475,-84.689,Forestal ,"2019",Anillado arboles
ARENAL JIREH,2479-9004,ND,,"0",ND,"0",ND,10.459,-84.693,Forestal ,"2019",Anillado arboles
ARENAL KIORO SUITES & SPA,2461-1700 / 2461-1705,2461-1710,"11 KM NOROESTE DE LA IGLESIA CATOLICA, LA FORTUNA","53",www.hotelarenalkioro.com,"5",info@hotelarenalkioro.com,10.505,-84.607,Contaminacion aire ,"2019",
ARENAL LODGE,2460-1881 / 2290-4232,2460-6119 / 2290-5125,"DE LA REPRESA DEL LAGO ARENAL 200 M NORTE, 20 KM DESPUES DE LA FORTUNA","38",www.arenallodge.com,"3",info@arenallodge.com,10.459,-84.741,Suelos,"2019",
ARENAL MANOA,2461-2222 / 2479-1111,2461-3232 / 2479-1112,LA PALMA DE LA FORTUNA DE SAN CARLOS,"56",www.arenalmanoa.com,"4",info@arenalmanoa.com,10.499,-84.693,Mineria,"2019",
ARENAL OBSERVATORY LODGE,2290-7011 / 2692-2070,2290-2070 / 2290-8427,"CRUCE A LA IZQUIERDA HACIA LA ENTRADA DEL PARQUE NACIONAL, CONTINUE 9 KM","37",www.arenalobservatorylodge.com,"3",info@arenalobservatorylodge.com,10.499,-84.694,Suelos,"2019",
ARENAL PACIFICO,2643-3419,2643-3770,800 M SUR DEL EDIFICIO MUNICIPAL,"0",www.arenalpacifico.com,"0",ND,9.612,-84.631,Forestal ,"2019",Anillado arboles
ARENAL PARAISO,2461-1061 / 2460-5333,2460-5343,"7 KM OESTE DE LA FORTUNA, CARRETERA AL VOLCAN ARENAL","70",www.arenalparaiso.com,"3",info@arenalparaiso.com,10.497,-84.689,Suelos,"2019",
ARENAL RABFER LODGE,2479-9187 / 8380-2810,2479-9187,175 M NORTE DEL BANCO NACIONAL DE LA FORTUNA DE SAN CARLOS,"12",www.arenalrabfer.com,"2",info@arenalrabfer.com,10.468,-84.645,Vida silvestre,"2018",
ARENAL ROSSI,2479-9023,2479-9414,"2 KM OESTE DE LA FORTUNA, CARRETERA AL VOLCAN ARENAL","25",www.hotelarenalrossi.com,"2",contactus@hotelarenalrossi.com,10.471,-84.672,Vida silvestre,"2018",
ARENAL SPRINGS,2461-2121 / 2479-1212,2461-0111 / 2479-1818,"CARRETERA A LA FORTUNA, CONTINUAR 5 KM, DOBLAR A MANO IZQUIERDA Y CONTINUAR 500 M","65",www.hotelarenalsprings.com,"4",ND,10.484,-84.686,Mineria,"2019",
ARENAL VISTA LODGE,2282-8700 / 2692-2079,2282-4800,"FRENTE AL LAGO ARENAL, PUEBLO EL CASTILLO FORTUNA DE ARENAL","25",www.arenalvistalodge.com,"2",info@arenalvistalodge.com,10.432,-84.735,Vida silvestre,"2018",
ARENAL VOLCANO INN,2461-2021,2461-1133,6.5 KM DE LA CIUDAD DE LA FORTUNA HACIA EL LAGO ARENAL,"14",www.arenalvolcanoinn.com,"3",info@arenalvolcanoinn.com,10.49,-84.687,Suelos,"2019",
ARENAS DEL MAR BEACH & NATURE RESORT,2777-2777 / 2777-5355,2777-2777,"MANUEL ANTONIO DEL HOTEL MARIPOSA, 800 M OESTE SEGUNDA ENTRADA A LA IZQUIERDA","38",www.arenasdelmar.com,"4",info@arenasdelmar.com,9.395,-84.155,Mineria,"2019",
ASTORIA,2771-0914,ND,,"0",ND,"0",ND,9.333,-83.503,Forestal ,"2019",Invasion ASP 
ATARDECER PLAYA HERMOSA INN B & B,2672-0063,2672-0060,"PLAYA HERMOSA CARRILLO, SEGUNDA ENTRADA","0",ND,"0",ND,10.574,-85.675,Forestal ,"2019",Incendio 
ATLANTIDA LODGE,2755-0115,ND,CAHUITA,"0",ND,"0",ND,9.735,-82.842,Forestal ,"2019",Incendio 
AURORA HOLIDAY INN,2523-1000,2255-1171 / 2248-3101,"AVENIDA 5, CALLE 5","200",www.aurolahotels.com,"5",ND,9.934,-84.076,Contaminacion aire ,"2019",
AURORA NUEVO ARENAL,2694-4590,2694-4262,"NUEVO ARENAL, TILARAN","13",www.hotelaurorainn.com,"1",ND,10.546,-84.893,Agua ,"2018",
AVE DEL PARAISO,2225-8515,2283-5138,DE LA FUENTE DE LA HISPANIDAD 350 M NORTE,"28",www.hotelavedelparaiso.com,"3",info@hotelavedelparaiso.com,9.932,-84.055,Suelos,"2019",
BAHIA AZUL,2743-8294 / 8886-7435,2743-8295,100 M ESTE DE LA PLAZA DE DEPORTES BAHIA UVITA,"12",www.hotelbahiaazul.com,"1",ND,9.166,-83.742,Agua ,"2018",
BAHIA COCODRILO,2735-5631,2735-5633,ND,"0",www.crocodilebay.com/reserve12.htm,"0",info@crocodilebay.com,8.535,-83.307,Forestal ,"2019",Invasion ASP 
BAHIA DE LOS DELFINES,2296-9880,ND,,"0",ND,"0",ND,9.96,-84.133,Forestal ,"2019",Anillado arboles
BAHIA DE LOS DELFINES,2296-8071,232-9292,PLAYA TAMBOR,"0",www.bahiadelfines.com,"0",ND,9.715,-85.017,Forestal ,"2019",Anillado arboles
BAHIA DE LOS PIRATAS,2653-8954 / 2290-4243,2653-8956,PLAYA REAL,"0",www.bahiadelospiratas.com/contact.htm,"0",info@bahiadelospiratas.com,10.387,-85.836,Forestal ,"2019",Invasion ASP 
BAHIA DEL SOL,2654-4671 / 2224-7290,ND,PLAYA POTRERO,"28",www.potrerobay.com,"4",ND,10.443,-85.773,Mineria,"2019",
BAHIA ESMERALDA,2654-4480,2654-4479,FLAMINGO,"0",www.hotelbahiaesmeralda.com,"0",ND,10.428,-85.791,Forestal ,"2019",Tala
BAHIA LOS PIRATAS,2653-8951 / 2290-4243,2653-8956,"PLAYA REAL CRUCE DE BELEN, GUANACASTE","15",www.bahiadelospiratas.com,"3",info@bahiadelospiratas.com,10.387,-85.836,Suelos,"2019",
BAHIA PEZ VELA,2670-0129 / 2670-0129,2670-0129,"BAHIA AZUL, 1KM OESTE DE PLAYA OCOTAL","40",www.bahiapezvela.com,"4",info@bahiapezvela.com,10.541,-85.728,Mineria,"2019",
BALCON DEL MAR,2643-2223,2643-3251,CONTIGUO A LA GUARDIA RURAL DE JACO,"21",www.hotelbalcondelmar.com,"2",pquesada@hotelbalcondelmar.com,9.613,-84.63,Vida silvestre,"2018",
BALMORAL,2222-5022 / 2221-1266,2221-7826,"AVENIDA CENTRAL, CALLES 7 Y 9","112",ww.balmoral.co.cr,"4",reservas@hotelbalmoral.travel,9.931,-84.075,Mineria,"2019",
BANANA TREE,2777-1585,2777-5197,MANUEL ANTONIO,"0",www.bananatreehotel.com,"0",ND,9.379,-84.143,Forestal ,"2019",Incendio 
BARCELO PALMA REAL,2290-5060,2290-4160,"SABANA NORTE, 200 M NORTE DEL ICE","65",www.barcelo.com,"4",ND,9.937,-84.102,Mineria,"2019",
BARCELO PLAYA LANGOSTA,2653-0363,2653-0415,PLAYA LANGOSTA BAHIA DE TAMARINDO,"213",www.barcelo.com,"4",ND,10.273,-85.848,Mineria,"2019",
BARCELO PLAYA TAMBOR,2683-0303,2683-0304,PLAYA TAMBOR,"402",www.barcelo.com,"5",ND,9.716,-85.018,Contaminacion aire ,"2019",
BARCELO SAN JOSE PALACIO,2220-2034,2220-2036,AUTOPISTA GENERAL CANAS 500 M SURESTE DEL PUENTE JUAN PABLO II,"254",www.barcelo.com,"5",ND,9.962,-84.131,Contaminacion aire ,"2019",
BELMAR,2645-5201,2645-5135,"250 M NORTE DE LA INTERSECCION DE LAS TV AEREAS, MONTEVERDE","34",www.belmarmonteverde.com,"3",ND,10.293,-84.804,Suelos,"2019",
BEST WESTERN EL SITIO,2666-1211,2666-2059,175 M OESTE DE ENTRADA PRINCIPAL,"52",www.bestwestern.com,"3",ND,10.623,-85.445,Suelos,"2019",
BEST WESTERN IRAZU,2232-4811 / 2290-9300,2231-6485 / 2252-2259,3 KM AUTOPISTA GENERAL CANAS,"325",www.webgotravel.com,"4",bwireservas@webgotravel.com,9.966,-84.136,Mineria,"2019",
BEST WESTERN JACO,2643-1000,2643-3246,"AVENIDA PATOR DIAZ, FRENTE A PLAZA JACO","125",www.webgotravel.com,"4",bwjbreservas@webgotravel.com,9.614,-84.63,Mineria,"2019",
BEST WESTERN KAMUK,2777-0811,2777-0258,"CENTRO QUEPOS A 7 KM DEL PARQUE NACIONAL, MANUEL ANTONIO","44",www.bestwestern.com,"4",bwjbreservas@webgotravel.com,9.419,-84.158,Mineria,"2019",
BEST WESTERN LAS ESPUELAS,2666-0144,2777-0259,2 KM SUR DE LA ENTRADA PRINCIPAL DE LIBERIA,"44",www.bestwestern.com,"3",bwjbreservas@webgotravel.com,10.61,-85.434,Suelos,"2019",
BEST WESTERN SAN JOSE DOWN TOWN,2255-4766 / 2290-2321,2255-4613,"AVENIDA 7, CALLE 6 Y 8","69",www.webgotravel.com,"3",bwjbreservas@webgotravel.com,9.935,-84.081,Suelos,"2019",
BOLANOS BAY RESORT,2676-1063,2676-1163,"COYOTERA PLAYA, LA CRUZ GUANACASTE","72",www.bolanosbay.com,"3",ND,11.051,-85.623,Suelos,"2019",
BORINQUEN MOUNTAIN RESORT,2690-1900,2690-1903,"RINCON DE LA VIEJA, ENTRADA PRINCIPAL 3.2 KM","33",www.borinquenhotel.com,"4",info@borinquenresort.com,10.805,-85.412,Mineria,"2019",
BOUGAINVILLEA,2244-1414 / 1-866-880-5441,2244-1313,100 M OESTE DE LA ESCUELA DE SANTO DOMINGO DE HEREDIA,"81",www.hb.co.cr,"4",info@hb.co.cr,9.977,-84.087,Mineria,"2019",
JADE,2224-2455,2224-2166,250 M NORTE DE LA AGENCIA SUBARU LOS YOSES,"29",www.hotelboutiquejade.com,"4",info@hotelboutiquejade.com,9.931,-84.06,Mineria,"2019",
BOYEROS,2666-0995,2666-2529,DE LA ENTRADA PRINCIPAL DE LIBERIA 100 M AL SUR,"70",www.hotelboyeros.com,"1",hboyeros@racsa.co.cr,10.623,-85.443,Agua ,"2018",
BRAMADERO,2666-0371,2666-0203,25 M NORTE DE LA ENTRADA PRINCIPAL DE LIBERIA,"22",ND,"1",ND,10.624,-85.444,Agua ,"2018",
BRASILITO,2654-4237,2654-4247,PLAYA BRASILITO,"15",www.hotelbrasilito.com,"1",ND,10.405,-85.797,Agua ,"2018",
BRITANNIA,2223-6667,2223-6411,"AVENIDAS 11 Y 13, CALLE 3, BARRIO AMON","24",www.hotelbritanniacostarica.com,"3",info@hbritannia.com,9.934,-84.074,Suelos,"2019",
BUENA VISTA,2442-8605 / 2442-8595,2442-8701,"CARRETERA AL VOLCAN POAS, 5 KM NORTE DE ALAJUELA","25",www.hotelbuenavistacr.com/,"3",bvista@racsa.co.cr,10.065,-84.246,Suelos,"2019",
BUENA VISTA LODGE,2690-1414 -2 690-1405,2661-8158,LADERAS DEL VOLCAN RICON DE LA VIEJA (CANAS DULCES-BUENA VISTA),"80",www.buenavistalodgecr.com,"2",ND,10.825,-85.466,Vida silvestre,"2019",
BYBLOS,2777-0411 / 2777-0009,2777-0009,CARRETERA A PLAYA MANUEL ANTONIO,"17",www.bybloshotelcostarica.com,"3",ND,9.443,-84.165,Suelos,"2019",
CABINAS CORAL REEF,2653-0291,ND,PLAYA TAMARINDO,"0",ND,"0",ND,10.296,-85.841,Forestal ,"2019",Tala
CABINAS SIERRA ARENAL,2479-9751,ND,,"0",ND,"0",ND,10.466,-84.67,Forestal ,"2019",Incendio 
CACTS,2221-2928 / 2221-6546,2221-8616,AVENIDA TERCERA BIS CASA #2845,"12",www.hotelcacts.com,"2",hcacts@racsa.co.cr,9.933,-84.084,Vida silvestre,"2019",
CALA LUNA,2653-0214 / 2236-1816,2653-0213,PLAYA LANGOSTA TAMARINDO,"41",www.calaluna.com,"4",reservations@calaluna.com,10.272,-85.847,Mineria,"2019",
CALIFORNIA,2777-1234,2777-1062,300 M ESTE DE HOTEL MONO AZUL,"23",www.hotel-california.com,"3",info@hotel-california.com,9.45,-84.11,Suelos,"2019",
CALLE DE ALCALA,2680-0000 / 2680-1515,2680-1633,"100 M ESTE DE LA PLAZA LOPEZ, SANTA CRUZ DE GUANACASTE","20",ND,"3",ND,10.191,-85.728,Suelos,"2019",
CANAS,2669-0039 / 2669-1294,2669-1319,100 M NORTE DEL PARQUE CENTRAL,"30",ND,"1",ND,10.426,-85.091,Agua ,"2018",
CANCIONES DEL MAR,2643-3273,2643-3296,PLAYA JACO,"11",www.cancionesdelmar.com,"0",ND,9.615,-84.633,Forestal ,"2019",Anillado arboles
CANTO DE BALLENAS,2743-8085,ND,UVITA DE OSA,"0",www.gecr.co.cr/cantodeballenas.htm,"0",ND,9.166,-83.741,Forestal ,"2019",Anillado arboles
CAPITAN SUIZO,2653-0075 / 2653-0353,2653-0292,PLAYA TAMARINDO,"30",www.hotelcapitansuizo.com,"3",info@hotelcapitansuizo.com,10.301,-85.838,Suelos,"2019",
CARIBBEAN,2248-0472,ND,BARRIO AMON,"0",ND,"0",ND,9.935,-84.074,Forestal ,"2019",Incendio 
CARIBLUE BUNGALOWS,2750-0518,2750-0057,"PLAYA COCLES, 1.5 KM AL SUR","15",www.cariblue.com,"3",cariblue@racsa.co.cr,9.642,-82.729,Suelos,"2018",
CASA BLANCA MANUEL ANTONIO,2777-0253,2777-1316,MANUEL ANTONIO,"0",ND,"0",ND,9.379,-84.144,Forestal ,"2018",Anillado arboles
CASA CAMARONA LODGE,2750-0151 / 2283-6711,2750-0210,"PLAYA COCLES, LIMON","20",www.casacamarona.co.cr,"2",ND,9.642,-82.732,Vida silvestre,"2019",
CASA CAMBRANES,2253-8858,2253-8858,"DE SPOON COFFEE SHOP, BARRIO LOS YOSES. SAN PEDRO DE MONTES DE OCA, 150 M AL SUR","12",www.casacambranes.com,"4",hotelcasacambranes@yahoo.com,9.929,-84.059,Mineria,"2019",
CASA CLUB GOLFITO ZONA AMERICANA,2775-0180,2775-2970,"GOLFITO, FRENTE A LAS ANTIGUAS PISCINAS","30",www.casarolandmarinaresort.com/,"4",ND,8.636,-83.165,Mineria,"2019",
CASA CONDE,2226-0808 / 2227-4400,2227-4600,COSTADO SUR DEL PARQUE DE LA PAZ,"110",www.grupocasaconde.com,"4",ND,9.908,-84.071,Mineria,"2019",
CASA CONDE DEL MAR,2226-0808 / 2672-1025,2227-2748,PLAYA PANAMA,"26",www.grupocasaconde.com,"4",ND,10.585,-85.657,Mineria,"2019",
CASA CORCOVADO JUNGLE LODGE,2256-3181 / 2256-8825,2256-7409,DE LA PLAYA CARATE 1 MILLA AL NORTE,"14",www.casacorcovado.com,"4",corcovdo@racsa.co.cr,8.438,-83.429,Mineria,"2019",
CASA LUNA LODGE,2479-7368,2479-7369,1 KM SUR Y 1.5 KM ESTE DEL REDONDEL,"24",www.casalunalodge.com,"3",info@casalunalodge.com,10.453,-84.637,Suelos,"2018",
CASA MAR (CAMPO DE PESCA),800-543-0282 / 2714-578-1881,800-8367-2299,BARRA DEL COLORADO,"12",www.casamarlodge.com,"2",info@CasaMarLodge.com,10.768,-83.596,Vida silvestre,"2019",
CASA MORAZAN,2257-4187,2257-4175,BARRIO AMON CALLE 7,"9",www.casamorazan.com,"2",anakeith@racsa.co.cr,9.935,-84.075,Vida silvestre,"2019",
CASA ROLAND,2231-6571,2290-5462,DEL FINAL DEL BLVD. ROHRMOSER DOBLAR A LA IZQUIERDA Y 100 M A MANO DERECHA,"15",www.casa-roland.com,"3",reservations@rolandhotels.com,9.945,-84.132,Suelos,"2018",
CASA SABANA B & B,2296-3751 / 2232-9140,2232-2876,"DE LA MULTIAGENCIA NISSAN 500 M ESTE, AL LLEGAR AL REST. CHICOTE 100 M NORTE, 25 M OESTE Y 200 M NORTE","5",www.costaricabb.com,"1",ND,9.949,-84.107,Agua ,"2018",
CASA SESENTA Y NUEVE,2256-8879,2256-8879,"80 M SUR EMBAJADA DE NICARAGUA, SAN JOSE","8",www.casatua69.com,"1",casatua69sur@yahoo.com,9.929,-84.069,Agua ,"2018",
CASHEW HILL JUNGLE LODGE & RETREAT CENTER,2750-0256,ND,PUERTO VIEJO,"0",ND,"0",ND,9.654,-82.754,Forestal ,"2018",Incendio 
ECLIPSE DE NACAR,2777-0408,2777-1738,5 KM CARRETERA A MANUEL ANTONIO,"30",/www.casitaseclipse.org,"4",ND,9.442,-84.166,Mineria,"2019",
CASTANUELAS,2635-5105 / 2636-6777,2635-5769,SOBRE LA CARRETERA INTERAMERICANA PRIMERA ENTRADA A ESPARZA,"13",ND,"1",ND,9.96,-84.613,Agua ,"2019",
CATARATAS RESORT,2479-8181 / 2479-8214,2479-8282,LA FORTUNA 800 M SUR Y 1.5 KM OESTE DEL REDONDEL,"22",www.cataratasresort.com,"2",info@cataratasresort.com,10.452,-84.652,Vida silvestre,"2019",
CELESTE MOUNTAIN LODGE,2278-6628 / 8377-1947,2278-6628,DEL ACERRADERO 3.5 KM ESTE,"18",www.celestemountainlodge.com,"3",info@celestemountainlodge.com,10.733,-85.028,Suelos,"2018",
CENTRO COLON,2257-2580 / 21800-228-5151,2257-2582,COSTADO NORTE DE CENTRO COLON,"103",www.hotelcentrocolon.com,"3",info@hotelcentrocolon.com,9.934,-84.095,Suelos,"2018",
CENTRO TURISTICO NEILY,2783-3031,ND,CIUDAD NEILY,"73",ND,"0",ND,8.646,-82.943,Forestal ,"2018",Invasion ASP 
CEOS,2262-2628,2262-2639,DE LA OFICINA DE CORREO 100 M NORTE Y 100 M ESTE,"10",www.hotelamericacr.com,"1",ND,9.997,-84.118,Agua ,"2019",
CHALETS TANGERI,2643-3636,2643-3636,PLAYA JACO,"14",www.hoteltangeri.com,"0",info@hoteltangeri.com,9.611,-84.63,Forestal ,"2018",Invasion ASP 
CHAPERNAL ATRACCIONES CAMPESTRES,2273-4545,2273-1010,"DE LA CRUZ ROJA EN SARDINAL GUANACASTE, 3.8 KM OESTE, CALLE LASTREADA","0",www.elchapernal.com,"0",ND,10.57,-85.675,Forestal ,"2018",Tala
CHARLET TIROL,2267-6222 / 2267-6228,2267-6229,"2 KM NORTE DE LA ENTRADA DEL CLUB CAMPESTRE EL CASTILLO, SAN RAFAEL DE HEREDIA","23",ND,"3",ND,10.032,-84.091,Suelos,"2018",
CHARLY'S PLACE,2441-0115 / 8385-9891,2440-6853,DEL PARQUE CENTRAL DE ALAJUELA 200 M NORTE Y 25 M ESTE,"0",www.charlysplacehotel.com,"0",ND,10.017,-84.214,Forestal ,"2018",Anillado arboles
CHATELLE COUNTRY RESORT,2487-8098,2487-8181,"1 KM SUR DE LA FIESTA DEL MAIZ, CAMINO AL BOSQUE ENCANTADO","14",www.hotelchatelle.com,"2",info@hotelchatelle.com,9.98,-84.321,Vida silvestre,"2019",
CHETICA RANCH,2268-6133,2268-8569,"SAN JERONIMO DE MORAVIA, DE LA GASOLINERA CASTROL 500 M NORTE","9",www.cheticaranch.com,"2",info@cheticaranch.com,9.955,-84.046,Vida silvestre,"2019",
CHIRRIPO,2771-0529,2771-0529,COSTADO SUR DEL PARQUE DE SAN ISIDRO DEL GENERAL,"41",ND,"1",ND,9.374,-83.705,Agua ,"2019",
CIUDAD BLANCA HOSTAL,2666-2715 / 2666-3962,2666-4382,200 M SUR Y 150 M ESTE DE LA ANTIGUA GOBERNACION EN LIBERIA,"12",ND,"2",ND,10.624,-85.436,Vida silvestre,"2019",
CLUB DEL MAR,2643-3194 / 1-866-978-5669,2643-3194,PLAYA JACO,"26",www.clubdelmarcostarica.com,"3",hotelclubdelmar@racsa.co.cr,9.613,-84.632,Suelos,"2018",
COCO VERDE,2670-0494 / 2670-0544,2670-0555,100 M ANTES DE PLAYA DEL COCO,"31",www.cocobayhotelcasino.com,"3",info@cocobayhotelcasino.com,10.547,-85.696,Suelos,"2018",
COCORI,2233-0081 / 2233-4787,2255-1058,"AVENIDA 3, CALLE 16","25",ND,"1",ND,9.933,-84.086,Agua ,"2019",
COLAYE,2231-2278,2231-2223,"SAN JOSE, CALLE MORENOS FRENTE AL ALMACEN MAURO, SABANA SUR","60",www.apartotelcolaye.com,"2",info@apartotelcolaye.com,9.926,-84.103,Vida silvestre,"2019",
COLINAS ALTA VISTA,2230-4941 / 2230-5008,2230-5097,DEL REST. LAS DONITAS 200 M SUR Y 2 KM ESTE,"23",www.colinasaltavista.com,"3",colinas@racsa.co.cr,9.817,-84.11,Suelos,"2018",
COLINAS DEL NORTE,2679-9132 / 2284-3972,2679-9768,"4 KM DE LA CRUZ, CARRETERA PANAMERICANA","24",ND,"2",ND,11.097,-85.612,Vida silvestre,"2019",
COLON CARIBE,2200-5101 / 2256-3005,2256-5520,"CAHUITA, 20 KM SUR DE LA CUIDAD DE LIMON","43",www.coloncaribe.com,"3",coloncaribe@colon.co.cr,9.736,-82.842,Suelos,"2018",
COLONIAL,2223-0109,2223-1443,"AVENIDA 2 Y 6, CALLE 11, CASA 452","17",www.hotelcolonialcr.com,"2",info@hotelcolonialcr.com,9.928,-84.074,Vida silvestre,"2019",
COLOSO ARENAL,2479-0000,2479-8336,"6 KM AL OESTE DE LA FORTUNA, ENTRADA A MANO IZQUIERDA","0",www.hotelcolosoarenal.com,"0",ND,10.486,-84.687,Forestal ,"2018",Incendio 
COMPLEJO ARENAL Y SOL,2787-0140,ND,PLAYA DOMINICAL,"20",www.arenalysol.com,"0",ND,9.249,-83.864,Forestal ,"2018",Anillado arboles
CONDO CASA INN,8825-1012 / 2224-4395,2224-4395,"DE LA UNIVERSIDAD LATINA 400 M AL ESTE, FRENTE A PALI RESIDENCIAL","5",www.condocasainn.com,"2",condocasainn@yahoo.com,9.93,-84.046,Vida silvestre,"2019",
CONDOR BEACH RESORT,2653-8950,2653-8844,"PLAYA CONCHAL, PUERTO VIEJO MATAPALO","30",www.condorheights.com,"3",sales@condorheights.com,10.396,-85.808,Suelos,"2018",
CONDOVAC LA COSTA,2690-3300 / 2527-4000,2527-4040,"PLAYA HERMOSA, GUANACASTE","101",www.condovac.com,"4",info@condovac.com,10.571,-85.678,Mineria,"2019",
COUNTRY INN,2239-2272,2239-2001,DEL MELIA CARIARI 600 M ESTE,"91",www.countryinns.com,"4",ND,9.976,-84.185,Mineria,"2019",
CORCOVADO LODGE,2257-0766 / 2222-0333,2257-1665,DERECHA A LA PLAYA EN LA FRONTERA SUR DEL PARQUE NACIONAL CORCOVADO,"16",www.costaricaexpeditions.com,"2",ND,8.631,-83.729,Vida silvestre,"2019",
CORTEZA AMARILLA,2203-7503 / 2203-7490,2282-6641,4.5 KM OESTE DE FORUM,"13",www.cortezaamarillalodge.com,"3",reservations@cortezaamarillalodge.com,9.926,-84.212,Suelos,"2018",
COSTA ARENAS,2643-2085,2643-2079,300 M ESTE DE LA MUNICIPALIDAD DE GARABITO,"11",www.costa-arenas.com,"2",costaarenas@ice.co.cr,9.613,-84.629,Vida silvestre,"2019",
COSTA BLANCA,2672-0096,2672-0239,DESPUES DE CONDOVAC 1 KM CAMINO A PLAYA CHOROTEGA (PANAMA),"28",ND,"3",ND,10.578,-85.666,Suelos,"2018",
COSTA BRAVA,2777-1097 / 2777-1669,2777-1344,"PAQUITA, QUEPOS","10",www.hotelcostabrava.net,"1",info@hotelcostabrava.net,9.453,-84.176,Agua ,"2019",
COSTA CORAL,2683-0105 / 2683-0106,2683-0016,TAMBOR,"6",ND,"3",ND,9.715,-85.017,Suelos,"2018",
COSTA PARAISO RESORT,787-0025,ND,PLAYA DOMINICAL,"0",ND,"0",ND,9.25,-83.864,Forestal ,"2018",Anillado arboles
COSTA RICA MARRIOTT,2298-0000 / 2298-0033,2298-0011,700 M OESTE DE FIRESTONE SAN ANTONIO DE BELEN,"300",ww.marriott.com/hotels/travel/sjocr-costa-rica-marriott-hotel-san-jose,"5",ND,9.973,-84.159,Contaminacion aire ,"2019",
COSTA RICA MORAZAN,2222-4622,2233-3329,"AVENIDAS 1 Y 3, CALLE 7","41",ND,"3",ND,9.932,-84.076,Suelos,"2018",
COSTA RICA TENNIS CLUB,2232-1266 / 2232-1228,2232-3867,"SABANA SUR, DE LA CONTRALORIA GENERAL 50 M ESTE","27",www.costaricatennisclub.com,"3",info@costaricatennisclub.com,9.929,-84.101,Suelos,"2018",
COSTA RICA YACHT CLUB,2661-0784,2661-2518,"300 M HOTEL COLONIAL, EL COCAL PUNTARENAS","25",www.costaricayachtclub.com,"2",info@costaricayachtclub.com,9.973,-84.832,Vida silvestre,"2019",
COSTA VERDE,2777-0584 / 2777-0187,2777-0560,1 KM ANTES PLAZA DE MANUEL ANTONIO,"40",www.hotelcostaverde.com,"3",reservations@costaverde.com,9.417,-84.159,Suelos,"2018",
COUNTRY INN & SUITES,239-2272,2239-2001,DEL MELIA CARIARI 600 M ESTE,"91",www.countryinns.com,"4",ND,9.976,-84.168,Mineria,"2019",
COURTYARD BY MARRIOTT SAN JOSE,2208-3000,2288-0808,EN FRENTE DE SUPERMERCADO PRICE MART,"120",www.marriott.com,"4",ND,9.944,-84.155,Mineria,"2019",
CRISTAL BALLENA,2786-5354,2786-5355,"7 KM AL SUR DE UVITA, FRENTE CAMPO DE ATERRIZAJE","23",www.cristal-ballena.com,"4",info@cristal-ballena.com,9.118,-83.697,Mineria,"2019",
CRISTINA,2220-0453,2220-2096,"SABANA NORTE, 300 M DEL ICE","50",www.apartotelcristina.com,"3",info@cristina.co.cr,9.938,-84.102,Suelos,"2018",
CROCODILE BAY,2735-5632 / 2735-5631,2735-5633,COSTADO SUR DEL CAMPO DE ATERRIZAJE,"34",www.crocodilebay.com,"4",info@crocodilebay.com,8.532,-83.3,Mineria,"2018",
CUENCA DE ORO,2773-4020 / 2773-3820,2773-3820,DEL PARQUE DE SAN VITO 3.5 KM NORTE CALLE A GUTIERREZ BROWN,"10",www.hotelcuencadeoro.com,"1",ND,8.846,-82.965,Agua ,"2019",
CUNA DEL ANGEL,2787-8012 / 2787-8436,2787-8015,9 KM SUR DE DOMINICAL,"16",www.cunadelangel.com,"4",info@cunadelangel.com,9.203,-83.797,Mineria,"2018",
CURIME,2685-5238,2685-5530,SAN BLAS,"25",ND,"2",ND,10.479,-85.616,Vida silvestre,"2019",
CYPRESAL,2266-1090 / 2266-0010,2232-7159,SAN JOSE DE LA MONTANA,"12",ND,"2",ND,10.081,-84.124,Vida silvestre,"2019",
D GALAH HOTEL,2280-8092,2224-4961,"COSTADO NORTE DE LA UNIVERSIDAD DE COSTA RICA, FRENTE A LA FACULTAD DE FARMACIA","21",www.dgalah.com,"2",ND,9.937,-84.05,Vida silvestre,"2019",
DAYSITA CITY AND RESORT,2666 0197 / 2665-4850,2666 8468,COSTADO SUR DEL ESTADIO,"25",www.hoteldaisytaliberia.com,"1",daisytaresort@yahoo.es,10.625,-85.437,Agua ,"2019",
DE LUCIA INN,2645-5976,2645-5537,100 M SUR DEL HOTEL HELICONIA,"12",www.costa-rica-monteverde.com,"2",delucia@racsa.co.cr,10.31,-84.821,Vida silvestre,"2019",
DEL BULEVARD,2257-0022,2257-1517,"AVENIDAS CENTRAL Y 2, CALLE CENTRAL","60",ND,"3",ND,9.931,-84.079,Suelos,"2018",
DEL HEMISFERIO,2235-5266 / 2297-3150 / 2297-3198,2235-5015,200 M AL OESTE DE LA MUNICIPALIDAD DE TIBAS,"0",www.hotelhemisferio.com,"1",ND,9.96,-84.08,Agua ,"2019",
DEL REY,2257-7800 / 1800-972-7272,2221-0096,"AVENIDA 1, CALLE 9","104",www.delreyhotel.com,"3",info@delreyhotel.com,9.932,-84.074,Suelos,"2018",
DEL SUR,2771-3033,2771-0527,"2 KM SOBRE LA CARRETERA INTERAMERICANA, PEREZ ZELEDON","59",ND,"2",ND,9.211,-83.64,Vida silvestre,"2018",
DIAMENTE REAL,6770-6230 / 6770-6233,6770-6250,50 M SUR DEL ICE,"21",www.hoteldiamantereal.com,"3",info@hoteldiamantereal.com,9.374,-83.704,Suelos,"2018",
DIPLOMAT,2221-8133 / 2221-8744,2233-7474,"AVENIDAS CENTRAL Y 2, CALLE 6","0",ND,"1",ND,9.932,-84.08,Agua ,"2019",
DIRIA,2680-0080 / 2680-0402,2680-0442,"FRENTE AL BANCO NACIONAL, ENTRADA A SANTA CRUZ","50",ND,"1",ND,10.258,-85.583,Agua ,"2019",
DIUWAK,2787-0087,2787-0089,"DOMINICAL CENTRO, FRENTE DE LA SUB ESTACION DEL ICE","18",www.diuwak.com,"0",ND,9.252,-83.863,Forestal ,"2018",Incendio 
DIVISAMAR,2777-1096 / 2777-0371,2777-0525,A MITAD DE CARRETERA 1 KM ANTES DE LA PLAYA Y PARQUE NACIONAL MANUEL ANTONIO,"25",www.divisamar.com,"3",info@divisamar.com,9.417,-84.159,Suelos,"2018",
DOCE LUNAS,2643-2211 / 2643-2216,2643-3633,"QUEBRADA SECA, JACO 500 M ESTE DE LA COSTANERA","20",www.docelunas.com,"4",ND,9.606,-84.612,Mineria,"2018",
DOMILOCOS,2787-0244,ND,DOMINICAL 100 M ESTE DE RESTAURANTE COCOLOCO,"26",ND,"1",ND,9.251,-83.864,Agua ,"2019",
DON CAMILO,2779-4051 / 2779-4050,2779-8358,PARRITA,"12",ND,"1",ND,9.519,-84.321,Agua ,"2019",
DON CARLOS,2221-6707,2255-0828,SAN JOSE,"33",ND,"4",ND,9.944,-84.068,Mineria,"2018",
DON FRADRIQUE,2225-8186 / 2224-7583,2224-9746,"AVENIDA 8, CALLE 37","20",www.hoteldonfadrique.com,"3",ND,9.928,-84.091,Suelos,"2018",
DON GOYO,2460-1780,2460-6383,"COSTADO SUR DE LOS TRIBUNALES DE JUSTICIA, CUIDAD QUESADA","20",ND,"2",ND,10.322,-84.431,Vida silvestre,"2018",
DONA INES,2222-7443 / 2222-7553,2223-5426,"AVENIDAS 2 Y 4, CALLE 11","20",www.donaines.com,"2",ND,9.929,-84.074,Vida silvestre,"2018",
DORAL,2233-0665 / 2233-9410,2233-4827,"AVENIDA 4, CALLES 6 Y 8","42",www.hoteldoralcr.com,"1",reservas@hoteldoralcr.com,9.93,-84.083,Agua ,"2019",
DOS LAGARTOS,2683-0236,2683-0236,PLAYA TAMBOR,"23",ND,"1",ND,9.717,-85.018,Agua ,"2019",
DOUBLETREE CARIARI BY HILTON SAN JOSE,2239-0022,2239-2803,"CARRETERA GENERAL CANAS, INTERSECCION A SAN ANTONIO DE BELEN 800 M SUR DE FRANCISCO J.ORLIC","220",http://doubletree1.hilton.com/en_US/dt/hotel/SJODTDT/SJODTDT/index.do,"5",ND,9.976,-84.161,Contaminacion aire ,"2019",
DULCE HOGAR,2239-2633,2293-2778,"CONTIGUO A LOS ARCOS, SAN ANTONIO DE BELEN","34",www.travelersinnhotel.com,"3",ND,9.977,-84.184,Suelos,"2018",
DUNN INN,2257-9532 / 2222-3232,2221-4596,BARRIO AMON CALLE 5 AVENIDA 11,"24",www.hoteldunninn.com,"3",reservdunn@racsa.co.cr,9.935,-84.075,Suelos,"2018",
ECLIPSE DE NACAR,2777-0408,2777-1738,5 KM CARRETERA A MANUEL ANTONIO,"30",www.casitaseclipse.org/indexing.html,"3",ND,9.413,-84.157,Suelos,"2018",
ECO COLONIA RESORT,2222-2333 / 8383-1016,2222-2333,"LOS ANGELES DE SAN RAMON, 27 KM CARRETERA A LA FORTUNA","12",www.eccocolonia.com,"3",ND,10.455,-84.557,Suelos,"2018",
ECO LODGE,2289-6060 / 2694-4480,2288-0123,"6 KM DE NUEVO ARENAL, A LO LARGO DE LA CARRETERA A TILARAN, A LA IZQUIERDA Y 3 KM AL NORTE","46",www.ecolodgecostarica.com,"3",info@ticoresorts.com,10.56,-84.938,Suelos,"2019",
ECOLODGE SAN LUIS,2645-8049 / 2645-8051,2645-8050,"ALTO DE SAN LUIS DE MONTEVERDE, 700 M ESTE DE LA ESCUELA ALTO DE SAN LUIS","24",www.ecolodgesanluis.com,"2",ND,10.272,-84.812,Vida silvestre,"2018",
ECOPLAYA BEACH RESORT,2289-8920 / 2228-7146,2289-4536,"PLAYA LA COYOTERA, DE LA CRUZ 16 KM HACIA BAHIA SALINAS","36",www.ecoplaya.com,"4",infohotel@ecoplaya.com,11.065,-85.672,Mineria,"2018",
EDELWEISS,2221-9702,2222-1241,"AVENIDA 9, CALLES 13 Y 15, CASA #1553, BARRIO OTOYA","0",www.edelweisshotel.com,"3",ND,9.934,-84.073,Suelos,"2018",
EL BAMBU DE SARAPIQUI,2766-6005,2766-6132,FRENTE PLAZA SARAPIQUI,"30",www.elbambu.com,"2",info@elbambu.com,10.453,-84.008,Vida silvestre,"2018",
EL COCAL,2643-3067,2643-1201,"PLAYA JACO, CONTIGUO A ESCUELA CENTRAL DE JACO, CALLE EL COCAL","43",www.hotelcocalandcasino.com,"3",cocalcr@racsa.co.cr,9.606,-84.625,Suelos,"2019",
EL CONQUISTADOR,2460-0546,2460-6311,600 M SUR DEL PARQUE DE CUIDAD QUESADA,"46",ND,"1",ND,10.318,-84.431,Agua ,"2019",
EL DELFIN,2778-8054 / 2778-6045,2778-6046,"ESTERILLOS ESTE, PLAYA BEJUCO","15",www.delfinbeachfront.com,"1",info@delfinbeachfront.com,9.518,-84.436,Agua ,"2019",
EL ENCUENTRO (COCO PALMS),2670-0367 / 1-800-765-6134,2670-0117,PLAYAS DEL COCO,"43",www.hotelcocopalms.com,"2",Webmaster@HotelCocoPalms.com,10.551,-85.694,Vida silvestre,"2018",
EL ERIZO,2440-2840 / 2441-2840,2441-2840,100 M NORTE Y 100 M OESTE DEL PALI DE BARRIO CRISTO REY,"18",ND,"1",ND,10.03,-84.206,Agua ,"2019",
EL ESTABLO,2645-5110 / 2645-5033,2645-5041,"CERRO PLANO, MONTEVERDE","155",www.elestablo.com,"3",ND,10.313,-84.817,Suelos,"2019",
EL GASPAR,2471-1200 / 8381-4901,2471-1458,1 KM ANTES DE LOS CHILES,"12",ND,"1",ND,11.024,-84.707,Agua ,"2019",
EL JARDIN DEL EDEN,2653-0137 / 2653-0142,2653-0111,PLAYA TAMARINDO,"36",www.jardindeleden.com,"3",frontdesk@jardindeleden.com,10.296,-85.842,Suelos,"2019",
EL MARANON,2249-1271,2249-1761,"CIUDAD COLON, BARRIO LA TRINIDAD CONTIGUO A LA IGLESIA","11",ND,"1",ND,9.915,-84.24,Agua ,"2018",
EL MILAGRO,2653-0042 / 2653-0043,2653-0050,PLAYA TAMARINDO,"33",www.elmilagro.com,"2",elmilagro@elmilagro.com,10.301,-85.838,Vida silvestre,"2018",
EL MIRADOR DEL PACIFICO,2777-0119,2777-3560,"CARRETERA A MANUEL ANTONIO, CONTIGUO A HOTEL PLINIO","25",www.elmiradorcostarica.com,"1",ND,9.424,-84.157,Agua ,"2018",
EL NAKUTI,2672-0121 / 2291-5868,2672-02023,"GOLFO PAPAGAYO, PLAYA PANAMA","76",www.grupopapagayo.com,"3",ND,10.585,-85.657,Suelos,"2019",
EL NARANJAL,2643-3006,2643-3392,100 M SUR DE LA MUNICIPALIDAD DE JACO,"0",ND,"0",ND,9.613,-84.631,Forestal ,"2018",Incendio 
EL PARAISO ESCONDIDO,2643-2883,2643-2884,"150 M ESTE DE LA IGLESIA CATOLICA, CALLE LOS CHOCLOS","0",www.hoteljaco.com,"0",ND,9.617,-84.635,Forestal ,"2018",Invasion ASP 
EL PORTICO,2266-1000 / 2266-0014,2266-1002,"GUACALILLO, SAN JOSE DE LA MONTANA","17",ND,"2",ND,10.054,-84.113,Vida silvestre,"2018",
EL RODEO,2293-3909,2239-3464,"150 M SUR DE PANASONIC, SAN ANTONIO DE BELEN","27",www.elrodeohotel.com,"4",info@elrodeohotel.com,9.974,-84.19,Mineria,"2018",
EL SAPO DORADO,2645-5010,2645-5180,,"0",www.sapodorado.com,"0",ND,10.32,-84.822,Forestal ,"2018",Incendio 
EL SESTEO,2296-1805,2296-1865,"200 M SUR DE MC DONALD'S, SABANA SUR","36",www.sesteo.com,"0",ND,9.927,-84.099,Forestal ,"2018",Incendio 
EL SILENCIO,2761-0301 / 2761-0349,2761-0302,BAJOS DE TORO AMARILLO,"16",www.elsilenciolodge.com,"4",info@elsilenciolodge.com,10.215,-84.295,Mineria,"2018",
EL SITIO,2666-1211 / 2666-2198,2666-2059,LIBERIA,"54",ND,"2",ND,10.628,-85.437,Vida silvestre,"2018",
EL SUENO TROPICAL,2656-0151 / 2656-0454,2656-0152,PLAYA CARRILLO,"16",www.elsuenotropical.com,"2",ND,9.869,-85.488,Vida silvestre,"2018",
EL VELERO,2672-0036 / 2672-1017,2672-0016,PLAYA HERMOSA,"22",www.costaricahotel.net,"2",ND,10.571,-85.677,Vida silvestre,"2018",
EDELWEISS,2221-9702,2222-1241,ND,"20",ND,"3",ND,9.944,-84.07,Suelos,"2019",
ERUPCIONES INN,2460-8000 / 8833-0038,2460-8000,"10 KM OESTE DE LA FORTUNA, CARRETERA AL VOLCAN ARENAL","0",www.erupcionesinn.com,"0",ND,10.493,-84.712,Forestal ,"2018",Invasion ASP 
ESQUINAS RAINFOREST LODGE,2741-8001 / 2775-0140,2741-8001,1 KM OESTE ANTIGUA ESCUELA DE LA GAMBA,"14",www.esquinaslodge.com,"3",esquinas@racsa.co.cr,8.706,-83.182,Suelos,"2019",
ESTACION BIOLOGICA LA SELVA,2766-6565,2766-6535,3 KM SUR DE LA ENTRADA DE PUERTO VIEJO DE SARAPIQUI,"0",www.threepaths.co.cr / www.ots.ac.cr,"0",ND,10.225,-83.92,Forestal ,"2018",Tala
ESTACION BIOLOGICA LAS CRUCES,2773-4004,2773-3665,"5 KM SUR DE SAN VITO, BUSCAR POR WILSON GARDEN","0",www.threepaths.co.cr / www.ots.ac.cr,"0",ND,8.789,-82.957,Forestal ,"2018",Tala
ESTACION BIOLOGICA PALO VERDE,2661-4717,2661-4712,PARQUE NACIONAL PALO VERDE,"0",www.threepaths.co.cr / www.ots.ac.cr,"0",ND,10.356,-85.368,Forestal ,"2018",Anillado arboles
ESTELA DE FUEGO,2654-4322 / 2654-4422,2654-4311,DEL BANCO DE COSTA RICA 150 M ESTE Y 50 M NORTE,"47",www.hotelesteladefuego.com,"3",ND,10.243,-85.707,Suelos,"2019",
ESTRELLA PACIFICO,2682-0333 / 2682-0188,2682-0187,"BOCAS DE NOSARA, DE CAFE PARIS 300 M SUR","36",www.villataype.com,"2",ND,9.958,-85.674,Vida silvestre,"2018",
EUROPA,2222-1222,2221-4609,"AVENIDAS 5 Y 3, CALLE O","72",hoteleuropacr.com,"3",ND,9.933,-84.079,Suelos,"2019",
FANTASIAS DEL PACIFICO,2428-2262,2231-0679,"2 KM OESTE, 4 ESQUINAS DE OROTINA","15",ND,"5",ND,9.916,-84.562,Contaminacion aire ,"2019",
FARO ARENAL,2479-7092,2479-5033,2 KM OESTE DEL CEMENTERIO DE LA FORTUNA,"7",ND,"1",ND,10.473,-84.674,Agua ,"2018",
FIESTA RESORT & CASINO,2663-0808 / 2663-2692,2663-0856,EL ROBLE PUNTARENAS,"303",www.fiestaresort.com,"4",ND,9.973,-84.744,Mineria,"2018",
FINCA LOS VALVERDE,2645-5157,2645-5216,"250 M SUROESTE DEL BANCO NACIONAL, MONTEVERDE","20",www.monteverde.co.cr,"2",info@monteverde.co.cr,10.314,-84.823,Vida silvestre,"2018",
FINCA ROSA BLANCA,2269-9392 / 2269-9938,2269-9555,SANTA BARBARA DE HEREDIA,"9",www.fincarosablanca.com,"4",info@fincarosablanca.com,10.034,-84.154,Mineria,"2018",
FINCA VILLA TINA,2461-1402 / 2460-9609,2461-1413,LA ABUNDANCIA DE SAN CARLOS,"6",ND,"1",ND,10.331,-84.455,Agua ,"2018",
FLAMINGO BEACH RESORT,2654-4444 / 2654-4061,2654-4060,PLAYA BLANCA (FLAMINGO),"120",www.resortflamingobeach.com,"4",info@resortflamingobeach.com,10.176,-85.817,Mineria,"2018",
FLAMINGO MARINA RESORT,2654-4141 / 2290-1858,2654-4035,"PLAYA FLAMINGO (PLAYA BLANCA), SANTA CRUZ DE GUANACASTE","120",www.flamingomarina.com/EN/,"4",tickledpink@flamingomarina.com,10.427,-85.792,Mineria,"2018",
FLEUR DE LYZ,2223-1206 / 2257-2621,2257-3637,"CALLE 13,  AVENIDA 2","31",www.hotelfleurdelys.com,"3",reservaciones@hotelfleurdelys.com,9.93,-84.073,Suelos,"2019",
FLOR BLANCA RESORT,2640-0232,2640-0226,PLAYA SANTA TERESA,"10",www.florblanca.com,"3",info@florblanca.com,9.642,-85.169,Suelos,"2019",
FLOR DE ITABO,2670-0438 / 2670-0292,2670-0003,1 KM ANTES PLAYA DEL COCO,"30",www.flordeitabo.com,"3",info@flordeitabo.com,10.541,-85.693,Suelos,"2019",
FLOR DE PACIFICO,2654-4664,2654-4663,500 M ESTE PLAZA DE DEPORTES DE POTRERO,"0",www.hotelflordepacifico.com,"0",ND,10.444,-85.772,Forestal ,"2018",Invasion ASP 
FONDA VELA,2645-5125,2645-5119,DE LA FABRICA DE QUESOS DE MONTEVERDE 800 M Y 1 KM ANTES DE LA RESERVA DE MONTEVERDE,"40",www.fondavela.com,"0",ND,10.301,-84.803,Forestal ,"2018",Invasion ASP 
FRANKS PLACE,2640-0096,2640-0071,SANTA TERESA,"22",ND,"2",ND,9.641,-85.168,Vida silvestre,"2018",
GAIA,2786 5044 / 2244 0316,2786 5009,PLAYA TORTUGA,"20",www.villasgaia.com,"3",info@villasgaia.com.,9.07,-83.656,Suelos,"2019",
GAIA,2777-9797,2777-9126,"CARRETERA QUEPOS, MANUEL ANTONIO 2.7 KM","17",www.gaiahr.com,"5",ND,9.405,-84.157,Contaminacion aire ,"2019",
GARDEN COURT,2443-0043,2442-9532,1 KM ESTE DEL AEROPUERTO INTERNACIONAL JUAN SANTAMARIA,"100",www.gardencourtairporthotel.com,"4",gcreservas@grupomarta.com,9.989,-84.2,Mineria,"2018",
GAVILAN RIO SARAPIQUI,2234-9507 / 2766-6743,2253-6556,1 KM ANTES DE LLEGAR A PUERTO VIEJO DE SARAPIQUI,"25",www.gavilanlodge.com,"2",gavilan@racsa.co.cr,10.442,-84.005,Vida silvestre,"2019",
GIARDINI DI PAPAGALLO,2672-0067,2672-0223,GOLFO PAPAGAYO,"25",www.grupopapagayo.com,"3",ND,10.584,-85.656,Suelos,"2019",
GIARDINO TROPICALE,2682-0258 / 2682-4000,2682-0353,"1 KM NORTE DE CAFE PARIS, CARRETERA PRINCIPAL","10",www.giardinotropicale.com,"3",info@giardinotropicale.com,9.98,-85.657,Suelos,"2019",
GOLFITO BAY,2775-0006,ND,GOLFITO,"0",ND,"0",ND,8.637,-83.165,Forestal ,"2018",Invasion ASP 
GOLFITO RANCHO PEZ VELA,2775-2105 / 8386-4262,2775-0570,GOLFITO,"10",ND,"3",ND,8.638,-83.167,Suelos,"2019",
GOLFO AZUL,2775-0871,2775-0004,"100 M SUR DE LA OFICINA AERONAVES, BARRIO ALAMEDA","20",ND,"2",ND,8.636,-83.168,Vida silvestre,"2019",
GRAN CENTROAMERICANO,2221-3362 / 2221-3955,2221-3714,"AVENIDA 2, CALLES 6 Y 8","45",ND,"1",ND,9.93,-84.082,Agua ,"2018",
GRAN CHOROTEGA,2661-0998 / 2661-0998,2661-2777 / 2661-0998,DIAGONAL AL BANCO NACIONAL DE PUNTARENAS,"38",www.granhotelchorotega.com,"0",ND,9.975,-84.833,Forestal ,"2018",Tala
GRAN HOTEL COSTA RICA,2221-4000 / 2256-8585,2221-3501 / 2256-7575,"AVENIDA 2, CALLES 1 Y 3","110",www.granhotelcr.com,"4",info@grandhotelcostarica.com,9.93,-84.078,Mineria,"2018",
GRANO DE ORO,2255-3322,2221-2782,"AVENIDAS 2 Y 4, CALLE 30 PASEO COLON","40",www.hotelgranodeoro.com,"4",info@hotelgranodeoro.com,9.93,-84.093,Mineria,"2018",
GREEN HOUSE,2258-0102 / 2258-9193,2258-9084,"PLAZA GONZALEZ VIQUEZ, CALLE 11, AVENIDA 16 Y 18","17",www.greenhousehostel.altervista.org,"1",oriettaaraya@infowebco.net,9.922,-84.072,Agua ,"2018",
GUACAMAYA LODGE,2658-8431,2658-8164,PLAYA JUNQUILLAL,"10",www.guacamayalodge.com,"3",alibern@racsa.co.cr,10.149,-85.806,Suelos,"2019",
GUAILICHU,2419-0247 / 8820-3029,2419-0247,200 M NORTE DE LA MUNICIPALIDAD,"10",www.turrubares.net,"1",ND,9.907,-84.44,Agua ,"2018",
GUANAMAR,2258-6015 / 2656-0054,2258-6001,"PLAYA CARRILLO, NICOYA","41",ND,"3",ND,9.869,-85.492,Suelos,"2019",
HACIENDA GUACHIPELIN,2666-8075 / 2442-2818,2665-2178,1 KM DESPUES DE CURUBANDE,"50",www.guachipelin.com,"2",www.guachipelin.com,10.723,-85.419,Vida silvestre,"2019",
HACIENDA LA PACIFICA,2669-6050 / 2669-6117,2669-6055,"5 KM NORTE DESPUES DE CANAS, CARRETERA INTERAMERICANA","17",ND,"3",pacifica@racsa.co.cr,10.448,-85.129,Suelos,"2019",
HACIENDA PINILLA,2681-7060 / 2681-4310,2681-4311,"GUANACASTE, DE VILLAREAL 3 KM HACIA PLAYA AVELLANAS","61",www.haciendapinilla.com,"4",info@haciendapinilla.com,10.328,-85.815,Mineria,"2018",
HACIENDA SAN MIGUEL,2292-4802,2229-1097,RANCHO REDONDO DE LA CRUZ 600 M ESTE,"12",ND,"3",ND,9.959,-83.942,Suelos,"2019",
HAMPTOM INN & SUITES,2436-0000 / 2442-3320,2442-2781,DEL AEROPUERTO JUAN SANTAMARIA 1 KM AL ESTE,"100",www.webgotravel.com,"4",hisreservas@webgotravel.com,9.99,-84.2,Mineria,"2018",
HAPPY LAND,2795-2828,2795-2544,"PLAYA BONITA, CARRETERA HACIA MOIN LIMON, CONTIGUO A RESIDENCIAS DE LOMAS DE RECOPE","0",www.hotelhappyland.net/espanol/ubic.html,"0",info@hotelhappyland.com,10.006,-83.058,Forestal ,"2019",Incendio 
HARMONY HOTEL,2682-4114 / 2682-0187,2682-4113,PLAYA GUIONES,"24",www.harmonynosara.com,"3",reservations@harmonynosara.com,9.936,-85.667,Suelos,"2019",
HELICONIA,2240-7311 / 2645-5109,2240-7331,4 KM ANTES DE LA RESERVA MONTEVERDE,"32",www.hotelheliconia.com,"3",info@hotelheliconia.com,10.311,-84.822,Suelos,"2019",
HERMOSA HEIGHTS,2672-0112,2672-0173,"200 M OFICINA CENTURY 21, PLAYA HERMOSA","10",www.hermosaheights.com/home.php,"3",hermosaheights@yahoo.com,10.574,-85.673,Suelos,"2019",
HERRADURA,2239-0033 Ext 85 / 2293-0033,2293-1946,CRUCE SAN ANTONIO DE BELEN CIUDAD CARIARI HEREDIA,"232",www.hotelherradura.com,"4",ND,9.975,-84.159,Mineria,"2018",
HILTON PAPAGAYO,2672-0000 / 2672-0181,2672-0133,"PLAYA ARENILLA, 2 KM ESTE DE PLAYA PANAMA GOLFO DE PAPAGAYO","202",www1.hilton.com,"5",ND,10.584,-85.635,Contaminacion aire ,"2019",
HOJARASCAS,2261-3649 / 2260-7781,2263-3407,"ENTRE CALLE 4 Y 6, AVENIDA 8 HEREDIA CENTRO, 50 M ESTE IGLESIA LOS ANGELES, FRENTE A LA SALIDA PRINCIPAL DEL PARQUEO DEL SUPERMERCADO MAS X MENOS.","12",www.hotelhojarascas.com,"2",info@hotelhojarascas.com,9.998,-84.117,Vida silvestre,"2019",
HOTEL DE MONTANA MONTEVERDE,2645-5046 / 2645-5320,2645-5320,"MONTEVERDE CENTRO, SANTA ELENA","38",ND,"3",ND,10.319,-84.822,Suelos,"2019",
IGUANAZUL,2658-8124 / 2658-8123,2658-8123,PLAYA JUNQUILLAL,"24",www.hoteliguanazul.com/,"3",ND,10.148,-85.806,Suelos,"2019",
ILAN ILAN,2255-2031,2255-1946,BARRA DE TORTUGUERO,"24",www.ilan-ilanlodge.com,"1",ND,10.538,-83.503,Agua ,"2018",
INCA REAL,2233-8883 / 2223-8991,2222-5318,"AVENIDA 11 ENTRE CALLES 3 Y 5, BARRIO AMON","31",www.hotelincareal.com,"4",jane@hotelincareal.com,9.936,-84.076,Mineria,"2018",
ISLA VERDE,2232-5327 / 2232-5203,2220-3337,DE LA CASA DEL EMBAJADOR DE ESTADOS UNIDOS 300 M OESTE,"20",www.hotelislaverde.com,"2",islaver@racsa.co.cr,9.945,-84.131,Vida silvestre,"2019",
ISLA VERDE,2763-3439 / 8385-0277,2763-3439,"BARRIO SAN BOSCO, 200 M OESTE Y 400 M SUR DE LA ESCUELA LA VICTORIA","8",www.albergueislaverde.com,"2",ND,10.43,-83.76,Vida silvestre,"2019",
JACO FIESTA,2643-3147,2643-3148,100 M SUR DE LA MUNICIPALIDAD DE JACO,"80",ND,"3",ND,9.609,-84.627,Suelos,"2019",
JOHNSON,2223-7633 / 2223-7801,2222-3683,"AVENIDAS CENTRAL Y 2, CALLE 8","0",ND,"0",ND,9.931,-84.082,Forestal ,"2019",Anillado arboles
KAP´S PLACE,2221-1169,2256-4850,"CALLE 19 AVENIDA 11 Y 13, BARRIO ARANJUEZ","9",www.kapsplace.com,"2",info@kapsplace.com,9.936,-84.067,Vida silvestre,"2019",
KARAHE,2777-0170 / 2777-0152,2777-1075,PLAYA DE MANUEL ANTONIO,"26",www.karahe.com,"3",reservatios@karahe.com,9.405,-84.158,Suelos,"2019",
KEKOLDI BEACH - DORADO MOJADO,2248-0804,2248-0767,"CARRETERA A MANUEL ANTONIO, 25 M NORTE CAFE MILAGRO","8",www.kekoldi.com,"2",ND,9.449,-84.158,Vida silvestre,"2019",
LA ALONDRA,2692-8036,2692-8036,"LA UNION ARENAL, TILARAN","10",ND,"1",ND,10.467,-84.968,Agua ,"2018",
LA CENTRAL,2460-0706 / 2460-0301,2460-0391,COSTADO OESTE DEL PARQUE DE CUIDAD QUESADA,"48",www.hotellacentral.net,"3",hcentral@racsa.co.cr,10.324,-84.432,Suelos,"2019",
LA COLINA,2653-0303,2653-0301,PLAYA TAMARINDO,"17",www.la-colina.com,"3",ND,10.304,-85.836,Suelos,"2019",
LA CONDESA,2267-6000,2267-6200,MONTE DE LA CRUZ,"96",www.hotellacondesa.com,"5",www.hotellacondesa.com,10.063,-84.078,Contaminacion aire ,"2019",
LA FELICIDAD,2778-6824,2778-6801,ESTERILLOS CENTRO,"0",ND,"0",ND,9.527,-84.478,Forestal ,"2019",Invasion ASP
LA FINISTERRA,2672-0227 / 2672-0293,2672-0293,PLAYA HERMOSA,"10",www.lafinisterra.com,"3",info@lafinisterra.com,10.571,-85.678,Suelos,"2019",
LA FONDA DE CHARLIE,2231-3912,2296-6357,FRENTE A ENTRADA PRINCIPAL ALBERGUE INS,"12",ND,"1",ND,9.946,-84.118,Agua ,"2018",
LA FORTUNA,2479-9197 / 2479-8563,2479-8563,100 M SUR GASOLINERA LA FORTUNA,"44",www.lafortunahotel.com,"3",info@lafortunahotel.com,10.468,-84.644,Suelos,"2019",
FOUR SEASONS,2696-0000 / 2201-3000,2696-0025,PENINSULA DE PAPAGAYO,"153",www.fourseasons.com,"5",ND,10.625,-85.676,Contaminacion aire ,"2019",
LA GARZA DEL PLATANAR,2475-5222,2475-5015,"EN PLATANAR DE FLORENCIA DE SAN CARLOS, FRENTE A LA PLAZA DE DEPORTES","12",ND,"3",ND,10.36,-84.474,Suelos,"2019",
LA GRAN VIA,2222-7737,2222-7205,"AVENIDA CENTRAL, CALLE 1 Y 3","32",ND,"1",ND,9.931,-84.077,Agua ,"2018",
LA GUARIA,2666-0000,2666-4442,LIBERIA 200 M ESTE DE LA IGLESIA CATOLICA,"52",ND,"3",ND,10.628,-85.435,Suelos,"2019",
LA JUNGLA,2233-0133 / 8382-8965,8382-8965,BARRA DE TORTUGUERO,"46",ND,"2",ND,10.539,-83.503,Vida silvestre,"2019",
LA MANSION BLANCA,2221-4313 / 2257-6198,2222-3743,"AVENIDA 10 Y 12, CALLE 9, PASEO DE LOS ESTUDIANTES","11",ND,"1",ND,9.926,-84.076,Agua ,"2018",
LA MANSION INN,2777-3489 / 2777-5011,2777-5011,MANUEL ANTONIO,"21",www.lamansioninn.com,"3",reservations@lamansioninn.com,9.379,-84.144,Suelos,"2019",
LA MARIPOSA,2777-0355 / 2777-0456,2777- 0050,MANUEL ANTONIO 2 KM ANTES DE PARQUE NACIONAL,"56",www.hotelmariposa.com,"3",info@hotelmariposa.com,9.39,-84.151,Suelos,"2019",
LA PALOMA LODGE,2295-7502,2239-0954,"BAHIA DRAKE, EMBARCADERO RIO SIERPE, PUNTA AGUJITAS","10",www.lapalomalodge.com,"3",info@lapalomalodge.com,8.693,-83.676,Suelos,"2019",
LA PERLA,2232-6153 / 2232-2185,2220-4195,200 M OESTE DEL HOSPITAL MEXICO,"14",www.alaperla.com,"2",info@alaperla.com,9.951,-84.113,Vida silvestre,"2019",
LA PRADERA DEL ARENAL,2479-9597,2479-9167,"2 KM OESTE DE LA FORTUNA, CARRETERA AL ARENAL","28",www.lapraderadelarenal.com,"3",info@lapraderadelarenal.com,10.466,-84.665,Suelos,"2019",
LA PUERTA DEL SOL,2670-0195,2670-0650,PLAYA DEL COCO,"10",ND,"3",ND,10.549,-85.697,Suelos,"2019",
LA PUNTA,2661-0696 / 2661-1900,2661-0696,"BARRIO EL CARMEN, PUNTARENAS","8",ND,"1",ND,9.973,-84.847,Agua ,"2018",
LA QUINTA DE SARAPIQUI COUNTRY INN,2222-3344 / 2761-1052,2761-1052,"SARAPIQUI, HEREDIA","28",www.hotellaquintasarapiqui.com,"3",ND,10.397,-84.134,Suelos,"2019",
LA SABANA,2220-2422,2231-7386,100 M ESTE Y 150 M NORTE DEL ICE EN LA SABANA,"32",www.apartotel-lasabana.com,"3",ND,9.937,-84.103,Suelos,"2019",
LA SIESTA,2666-0678 / 2666-2532,2666-2532,"250 M SUR DE LA FARMACIA LUX, LIBERIA","24",ND,"1",ND,10.627,-85.439,Agua ,"2018",
LA SIRENA,2777-0572,2777-0458,"25 M AL OESTE DEL BANCO NACIONAL DE COSTA RICA, QUEPOS","14",www.lasirenahotel.com,"1",ND,9.426,-84.16,Agua ,"2018",
LAGUNA DEL LAGARTO,2289-8163 / 2289-8163,2289-5295,"BOCA TAPADA DE PITAL, 43 KM DE PITAL","20",www.lagarto-lodge-costa-rica.com,"2",info@lagarto-lodge-costa-rica.com,10.451,-84.272,Vida silvestre,"2019",
LAPA RIOS ECO LODGE,2735-5130/ 2735-5140,2735-5179,"12 MILLAS SUR DE PUERTO JIMENEZ, PLAYA CARBONERA","16",www.laparios.com,"4",info@laparios.com,8.405,-83.282,Mineria,"2018",
LAS BRISAS,2661-4040 / 2661-1213,2661-2120,"BARRIO EL CARMEN, PASEO DE LOS TURISTAS","27",www.lasbrisashotelcr.com,"2",hotellasbrisascostarica@ice.co.cr,9.973,-84.848,Vida silvestre,"2019",
LAS BRISAS DEL PACIFICO,2656-0250,2656-0076,PLAYA SAMARA,"34",www.brisas.net,"2",info@brisas.net,9.878,-85.521,Vida silvestre,"2019",
LAS CABANITAS,2479-9400 / 2479-9343,2479-9408,"1 KM ESTE DEL BANOC CR EN LA FOTUNA, ARENAL","38",www.cabanitas.com,"3",ND,10.467,-84.632,Suelos,"2019",
LAS OLAS,2652-9315,2652-9331,PLAYA AVELLANAS,"10",www.cabinaslasolas.co.cr,"2",olassa@racsa.co.cr,10.233,-85.84,Vida silvestre,"2019",
LAS ORQUIDEAS,2433-9346,2433-9740,"BARRIO SAN JOSE, CACAO DE ALAJUELA, CRUCE DE GRECIA Y POAS","26",www.orquideasinn.com,"3",info@orquideasinn.com,10.009,-84.241,Suelos,"2019",
LAS PALMAS,2759-9090,2759-9222,"PUNTA UVA, LIMON","30",www.laspalmashotel.com,"3",ND,9.639,-82.686,Suelos,"2019",
LAS PALMAS,2643-3005 / 2643-3512,2643-3512,400 M OESTE DE JACO BEACH HOTEL,"24",ND,"1",ND,9.614,-84.631,Agua ,"2018",
LAS TORTUGAS,2653-0423,2653-0458,"PLAYA GRANDE, MATA PALO","11",www.cool.co.cr/usr/turtles/,"3",ND,10.335,-85.848,Suelos,"2019",
LAYLA,2777-3446 / 2777-3352,2777-3445,"2 KM DEL AEROPUERTO, QUEPOS","20",ND,"1",ND,9.427,-84.114,Agua ,"2018",
LE BERGERAC,2234-7850,2225-9103,"CALLE 35 LOS YOSES, ENTRE AVENIDA CENTRAL Y AVENIDA 8","19",www.bergerachotel.com,"3",ND,9.928,-84.058,Suelos,"2019",
LINDA VISTA DEL NORTE,2692-2090,2692-2091,"EL CASTILLO DE LA FORTUNA, 1 KM ESTE DE LA ESCUELA","12",ND,"2",ND,10.393,-84.475,Vida silvestre,"2019",
LODGE ECOVERDE,2645-5948,ND,,"0",ND,"0",ND,10.298,-84.818,Forestal ,"2019",Incendio 
LODGE HELICONIAS,2466-8483,ND,,"0",ND,"0",ND,10.783,-85.043,Forestal ,"2019",Invasion ASP
LOMAS DEL VOLCAN,2479-9000,2479-9770,1.5 KM SUR DEL RESTAURANTE LA PRADERA,"8",www.lomasdelvolcan.com,"2",info@lomasdelvolcan.com,10.472,-84.646,Vida silvestre,"2019",
LOS LAGOS,2461-1818,2460-0181,LA FORTUNA 6 KM ESTE DE LA IGLESIA CATOLICA,"35",www.hotelloslagos.com,"3",ND,10.473,-84.615,Suelos,"2019",
LOS SUENOS MARRIOTT,2630-9000 / 2630-9001,2630-9090,"JACO, GARABITO","201",www.latinoamerica.marriott.com,"5",Look@Marriott.com,9.612,-84.629,Contaminacion aire ,"2019",
LOS YOSES,2225-0033 / 2225-0044,2225-5595,125 M OESTE DE LA FUENTE DE LA HISPANIDAD SAN PEDRO,"23",www.apartotel.com,"3",losyoses@apartotel.com,9.93,-84.058,Suelos,"2018",
LOST IGUANA RESORT,2461-0122,2461-0121,"CARRETERA A LA LAGUNA, DESPUES DE LA REPRESA DOBLAR A LA DERECHA HACIA PUENTES COLGANTES DEL ARENAL","0",www.lostiguanaresort.com,"0",ND,10.437,-84.732,Forestal ,"2019",Tala
LUIGIS LODGE,2479-9909 / 2479-9636,2479-9898,LA FORTUNA DE SAN CARLOS,"20",www.luigislodge.com,"2",Info@luigishotel.com,10.468,-84.645,Vida silvestre,"2019",
LUNA AZUL,8821-0075,8821-0075,SAN JUANILLO DE OSTIONAL,"10",www.hotellunaazul.com,"3",info@hotellunaazul.com,9.995,-85.695,Suelos,"2018",
LUNA LODGE,8380-5036,2735-5431,"PUERTO JIMENEZ, PUNTARENAS","7",www.lunalodge.com/index-en.html,"3",information@lunalodge.com,8.535,-83.306,Suelos,"2018",
LUZ DE MONO,2642-0090,2642-0010,MONTEZUMA COBANO,"20",www.luzdemono.com,"2",ND,9.651,-85.068,Vida silvestre,"2019",
MAGIC MOUNTAIN,2479-7246,2479-7248,2 KM OESTE DE LA IGLESIA DE LA FORTUNA,"42",www.hotelmagicmountain.com,"3",info@hotelmagicmountain.com,10.466,-84.664,Suelos,"2018",
MAL PAIS ALBERGUE DE PLAYA TROPICAL,2640-0174,2640-0174,100 M SUR DEL CRUCE A PLAYA EL CARMEN,"10",ND,"1",ND,9.626,-85.154,Agua ,"2018",
MAMIRI ALBERGUE,2653-0079,2653-0079,"50 M OESTE DEL HOTEL TAMARINDO, GUANACASTE","10",ND,"1",ND,10.302,-85.837,Agua ,"2018",
MAR DE LUZ,2643-3259 / 2643-1682,2643-3259,"JACO, GARABITO, PUNTARENAS","29",www.mardeluz.com,"3",mardeluz@racsa.co.cr,9.612,-84.627,Suelos,"2018",
MAR Y SELVA ECOLODGE,2786-5670,2786-5671,29 KM SUR DE DOMINICAL,"10",www.maryselva.com,"3",info@maryselva.com,9.106,-83.691,Suelos,"2018",
MARAGATO,2222-7313,2222-7205,"AVENIDA CENTRAL, DIAGONAL A LA PLAZA DE LA CULTURA","29",www.hotelmaragato.com,"0",ND,9.931,-84.072,Forestal ,"2019",Tala
MARENCO,2258-1919,2255-1346,"BAHIA DRAKE, SIERPE","25",www.marencolodge.com,"3",info@marencolodge.com,8.723,-83.648,Suelos,"2018",
MARIA ALEXANDRA,2228-1507,2289-5192,DEL VIVERO EXOTICA 100 M NORTE Y 100 M OESTE,"14",www.mariaalexandra.com,"4",ND,9.919,-84.138,Mineria,"2018",
MARIBU CARIBE,2795-4010 / 2795-2553,2795-3541,"CARRETERA A MOIN, PORTETE","50",ND,"2",ND,10.007,-83.065,Vida silvestre,"2019",
MARINER INN,2654-4081,2654-4024,"A UN COSTADO DE LA MARINA, PLAYA FLAMINGO","12",ND,"2",ND,10.43,-85.791,Vida silvestre,"2019",
MARTINO,2433-8382,2433-9052,200 M ESTE DEL ZOOAVE,"38",www.hotelmartino.com,"5",martino@racsa.co.cr,10.009,-84.276,Contaminacion aire ,"2019",
MATAMA,2758-1123,2758-4499,CARRETERA A PORTETE,"0",ND,"1",ND,10.006,-83.064,Agua ,"2018",
MAYOL LODGE,2479-9110,2479-9110,"100 M SUR DE LA GASOLINERA, LA FORTUNA DE SAN CARLOS","10",ND,"1",ND,10.468,-84.644,Agua ,"2018",
MELIA CARIARI,2239-0022,2239-2803,"AUTOPISTA GENERAL, CANAS CRUCE SAN ANTONIO","222",www.solmelia.com,"5",ND,9.977,-84.163,Contaminacion aire ,"2019",
MIAMI,2758-0490,2758-0490,500 M OESTE EL MERCADO DE LIMON,"32",ND,"1",ND,9.99,-83.034,Agua ,"2018",
MIDEY,2661-1553,2661-1553,"75 M NORTE DE LA DERIVA EN PUNTARENAS, C14 A2 Y 4","14",ND,"1",ND,9.973,-84.841,Agua ,"2018",
MILVIA,2225-4543 / 2283-9548,2225-7801,DE LA FERRETERIA LOURDES 200 M ESTE,"9",www.novanet.co.cr/milvia,"4",hotelmilvia@racsa.co.cr,9.94,-84.013,Mineria,"2018",
MIRADOR PICO BLANCO,2228-1908 / 2267-6489,2289-5189,1.2 KM SUR DE LA PLAZA DE SAN ANTONIO DE ESCAZU,"20",www.hotelpicoblanco.com,"2",frontdesk@hotelpicoblanco.com,9.889,-84.131,Vida silvestre,"2018",
MONARCH RESORT,2672-1363,2672-1363 ext 200,PLAYA PANAMA 900 M SOBRE EL BULEVAR,"34",www.monarchresortonline.com,"4",monarch@rentalsincostarica.com,10.582,-85.66,Mineria,"2018",
MONTANA DE FUEGO,2460-1220,2460-1455,"8 KM NOROESTE DEL CENTRO DE LA FORTUNA DE SAN CARLOS, CARRETERA AL VOLCAN","66",www.montanafuegohotel.com,"3",reservaciones@montanadefuego.com,10.501,-84.698,Suelos,"2018",
MONTANO,2267-7061,2238-1663,"MONTE DE LA CRUZ RESIDENCIAL DEL MONTE, 300 M SUR FRENTE AL TIROL HOTEL","8",ND,"3",ND,10.063,-84.079,Suelos,"2018",
MONTE DEL MAGO,2661-8007,2220-2219,"CALLE SANTA MONICA, CARRILLO, BAJOS DEL POAS","8",ND,"1",ND,10.072,-84.243,Agua ,"2019",
MONTE ESCONDIDO,2469-9200 / 8390-4458,2469-9212,"MONTE ESCONDIDO BOCA DE ARENAL, SANTA RITA DE GUTRIS","20",www.monteescondido.com,"3",ND,10.319,-84.512,Suelos,"2018",
MONTE REAL,2479-9357 / 8362-9432,2479-9357,100 M SUR Y 300 M ESTE DEL PARQUE LA FORTUNA SAN CARLOS,"15",http://www.monterealhotel.com/,"2",info@monterealhotel.com,10.466,-84.645,Vida silvestre,"2018",
MONTEREY DEL MAR,2778-8686 / 2778-8787,2778-8585,"ESTERILLOS ESTE, PARRITA","27",www.montereydelmar.com,"3",ND,9.521,-84.449,Suelos,"2018",
MONTEVERDE CLOUD FOREST LODGE,2645-5058 / 2257-3529,2645-5168,SANTA ELENA MONTEVERDE,"18",www.cloudforestlodge.com,"3",ND,10.32,-84.821,Suelos,"2018",
MONTEVERDE LODGE,2645-5057 / 2257-0766,2257-1665,200 M SUR DEL RANARIO MONTEVERDE,"28",www.costaricaexpeditions.com/Lodging/monteverde/,"3",ND,10.292,-84.831,Suelos,"2018",
MONTEVERDE,2645-5046 / 2645-5320,2645-5320,"MONTEVERDE CENTRO, SANTA ELENA","38",ND,"3",ND,10.318,-84.823,Suelos,"2018",
MUSOC,2222-9437 / 223-3388,2222-9437,"AVENIDAS 1 Y 3, CALLE 16","0",ND,"1",ND,9.932,-84.072,Agua ,"2018",
MYSTICA,2692-1001,8392-1002,"300 M NORTE DEL CRUCE TIERRAS MORENAS, TILARAN","6",ND,"2",ND,10.491,-85.019,Vida silvestre,"2018",
NACAZCOL,2670-0229 / 2222-4703,2697-0229,4 KM ANTES DE PLAYAS DEL COCO,"59",www.nacazcol.com,"3",nacazcol@aseccss.com.,10.536,-85.671,Suelos,"2018",
NANY,2654-4320 / 2654-4343,2654-4802,200 M SUR Y 75 M ESTE DE LA ESCUELA DE BRASILITO,"0",www.apartotelnany.com,"0",ND,10.403,-85.794,Forestal ,"2019",Tala
NATURAL LODGE CANO NEGRO,2265-3302 / 2471-1426,2265-4310,CANO NEGRO,"22",www.canonegrolodge.com/index.php,"3",info@canonegrolodge.com,10.889,-84.787,Suelos,"2018",
NIDIA LODGE,2645-6082,2645-5236,"CERRO PLANO MONTEVERDE, 50 M SURESTE DEL RESTAURANTE LUCIA","15",www.nidialodge.com,"3",nidialodge@racsa.co.cr,10.31,-84.816,Suelos,"2018",
NOVO,2233-0320,2233-0515,"CALLE 14,  AVENIDA CENTRAL Y PRIMERA","22",ND,"3",ND,9.931,-84.073,Suelos,"2018",
OASIS DEL PACIFICO RESORT,2641-8091 / 2645-8092,2661-8091,"TERMINAL DEL FERRY DE NARANJO 350 M A MANO IZQUIERDA, PLAYA NARANJO","36",ND,"1",ND,9.934,-84.963,Agua ,"2018",
OBELISCO,2239-6696 / 2239-0508,2239-6701,"DEL HOTEL HERRADURE PRIMERA ENTRADA A MANO DERECHA Y LUEGO DOBLAR A MANO IZQUIERDA, LUGAR ESQUINERO","20",www.apartotelobelisco.com,"3",info@apartotelobelisco.com,9.972,-84.163,Suelos,"2018",
OCCIDENTAL ALLEGRO RESORT PAPAGAYO,2690-9900 / 2690-9910,2690-9911,"GOLFO DE PAPAGAYO, PAYA MANZANILLO BAHIA CULEBRA","300",www.occidental-hoteles.com,"4",ND,10.64,-85.651,Mineria,"2018",
OCCIDENTAL EL TUCANO,2460-1822 / 2222-5266,2460-1692,"8 KM ESTE DE CIUDAD QUESADA CARRETERA AGUAS ZARCAS, LA MARINA","100",www.occidentaltucano.com,"4",ND,10.377,-84.376,Mineria,"2018",
OCCIDENTAL GRAND PAPAGAYO HOTEL,2672-0191 / 2672-1140,2672-0057,GOLFO DE PAPAGAYO,"169",www.occidental-hoteles.com,"5",ND,10.637,-85.642,Contaminacion aire ,"2019",
OCCIDENTAL TORREMOLINOS,2222-5266,2255-3167,"CALLE 40, AVENIDAS 5 & 7, DE PROCOMER 200 M NORTE","84",www.occidental-hoteles.com,"4",ND,9.936,-84.097,Mineria,"2018",
OCOTAL BEACH RESORT,2670-0321 / 2280-4970,2670-1122,PLAYA OCOTAL,"59",www.ocotalresort.com,"4",ND,10.542,-85.722,Mineria,"2018",
PACHIRA LODGE,2256-7080 / 2257-2242 / 2256-6340,2223-1119,CANALES,"34",www.pachiralodge.com,"0",info@pachiralodge.com,10.552,-83.51,Forestal ,"2019",Invasion ASP
PACIFICO LUNADA,ND,ND,DETRAS DE LA IGLESIA CATOLICA DE MANUEL ANTONIO,"12",www.hotelpacificolunada.com,"3",ND,9.409,-84.154,Suelos,"2018",
PARADISUS PLAYA CONCHAL,2654-4123,2654-4181,"BAHIA BRASILITO, PLAYA CONCHAL","310",http://es.solmelia.com/hotel/paradisus-playa-conchal.htm,"5",paradisus.playa.conchal@solmelia.com,10.396,-85.809,Contaminacion aire ,"2019",
PARADOR BOUTIQUE RESORT & SPA,2777-1414,2777-1437,1 KM SOBRE CARRETERA MANUEL ANTONIO DEL HOTEL MARIPOSA,"108",www.hotelparador.com,"4",info@hotelparador.com,9.421,-84.158,Mineria,"2018",
PARAISO CARLISA,2778-1112 / 8353-5586,2778-1190,"16 KM NORTE DE FINCA LAS PALMAS, PARRITA","20",www.hotelparaisocarlisa.com,"4",info@hotelparaisocarlisa.com,9.599,-84.319,Mineria,"2018",
PARAISO DEL PACIFICO,2786-5074,2786-5024,PLAYA TORTUGA,"12",www.hotelcostarica.com,"1",ContactGuestCare@HotelCostaRica.com,9.072,-83.656,Agua ,"2018",
PARAISO DEL SOL,2643-3102 / 2643-3250,2643-3137,200 M ESTE DE LA FABRICA DE HIELO,"0",ND,"1",ND,9.615,-84.63,Agua ,"2018",
PARAISO NATURAL,2478-0381 / 2478-0411,2478-0381,50 M ESTE DEL SALON COMUNAL,"10",www.paraisonaturalhotel.com,"2",info@paraisonaturalhotel.com,10.533,-84.662,Vida silvestre,"2018",
PARK (CARIBE),2758-3476 / 2758-0555,2758-4364,"AVENIDA 4, CALLES 2 Y 4","35",ND,"3",ND,9.992,-83.032,Suelos,"2018",
PARQUE DEL LAGO,2257-8787,2223-1617,"50 M ESTE DE LA ESTATUA DE LEON CORTEZ, PASEO COLON","40",www.parquedellago.com,"4",info@parquedellago.com,9.932,-84.097,Mineria,"2018",
PEACE LODGE AT LA PAZ WATERFALL GARDENS,2482-2720 / 2482-2721,2482-2722,"1 KM ANTES DE LA CATARATA LA PAZ, CARRETERA A PUERTO VIEJO","17",www.waterfallgardens.com,"3",peacelodgereservations@waterfallgardens.com,10.285,-84.185,Suelos,"2018",
PLAYA CARMEN,2640-0404,2640-0505,CRUCE A MAL PAIS-SANTA TERESA,"26",www.playacarmenhotel.com,"3",info@playacarmenhotel.com,9.625,-85.15,Suelos,"2018",
PLAYA ESPADILLA,2777-0903 / 2777-2135,2777-5052,DEL RESTAURANTE MARLIN 150 M ESTE,"16",www.espadilla.com,"3",ND,9.427,-84.161,Suelos,"2018",
PLAYA HERMOSA,2672-0046,2672-0046,"DE LA PRIMERA ENTRADA A PLAYA HERMOSA, A MANO IZQUIERDA","22",www.hotelplayahermosa.com,"1",info@hotelplayahermosa.com,10.568,-85.681,Agua ,"2018",
PLAYA ISOLINA,2654-4333 / 8828-9356,2654-4313,200 M NORTE DEL RESTAURANTE LA PERLA,"14",www.isolinabeach.com,"1",admin@isolinabeach.com,10.307,-85.827,Agua ,"2018",
PLAYA NEGRA,22652-9134,22652 9035,PLAYA NEGRA 35 KM NORESTE DE SANTA CRUZ,"10",www.playanegra.com,"2",playaneg@racsa.co.cr,10.19,-85.828,Vida silvestre,"2018",
PLAYA NICUESA RAIN FOREST LODGE,2222-0704,2221-8030,"PUERTO JIMENEZ, VIAJE EN BOTE","0",www.nicuesalodge.com,"0",ND,8.537,-83.306,Forestal ,"2019",Invasion ASP 
PLAYA NOSARA,2682-0121,2682-0123,BOCAS DE NOSARA,"16",http://ndparking.com/nosarabeachotel.com,"1",ND,9.96,-85.678,Agua ,"2018",
PLAZA,2257-1896,2222-2641,"AVENIDA CENTRAL, CALLES 2 Y 4","40",www.hotelplazacr.com,"1",reservas@hotelplazacr.com,9.931,-84.08,Agua ,"2018",
PLAZA REAL,2290-6409,2290-6409,200 M SUR Y 50 M OESTE BURGER KING,"10",www.plazareal.cr,"3",ND,9.949,-84.108,Suelos,"2018",
POAS VOLCANO LODGE,2482-2194,2482-2513,"500 M OESTE DE GASOL VARA BLANCA, FRENTE EL CORTIJO","11",www.poasvolcanolodge.com,"3",ND,10.179,-84.152,Suelos,"2018",
POCHOTE GRANDE,2643-3236,2220-4979,"DE LA ENTRADA PRINCIPAL DE JACO, RESTAURANTE LOS FAROLES 300 M A LA DERECHA","24",www.hotelpochotegrande.net,"3",pochote@racsa.co.cr,9.618,-84.631,Suelos,"2018",
POCO A POCO,2645-6000,2645-6264,100 M ESTE DEL RANARIO,"29",www.hotelpocoapoco.com,"2",info@hotelpocoapoco.com,10.292,-84.829,Vida silvestre,"2018",
PORTOBELLO,2661-2122 / 2661-1322,2661-0036,200 M OESTE DEL YATCH CLUB COCAL,"35",ND,"1",ND,8.643,-82.945,Agua ,"2018",
POSADA CANAL GRANDE,2282-4102 / 2282-4101,2282-5733,ULTIMA PARADA DE BUSES PIEDADES DE SANTA ANA 500 M NORTE,"12",ND,"2",ND,9.928,-84.214,Vida silvestre,"2018",
POSEIDON,2643-1642 / 8888-643-1242,2011-506-2643-1642,"CALLE BOHIO, 30 M DE JACO CENTRO","14",www.hotel-poseidon.com,"3",reservations@hotel-poseidon.com,9.614,-84.632,Suelos,"2018",
PRESIDENTE,2256-1165 / 2222-3022,2221-1205,"AVENIDA CENTRAL, CALLE 7","100",www.hotel-presidente.com,"4",info@hotel-presidente.com,9.931,-84.071,Mineria,"2018",
PUEBLO ANTIGUO LODGE,2662-0033 / 2662-1913,2662-0549,4 KM ESTE DE LAS JUNTAS DE ABANGARES,"10",www.puebloantiguo.com,"3",reserve@puebloantiguo.com,10.293,-84.931,Suelos,"2018",
PUEBLO DORADO,2653-0008,2653-0013,PLAYA TAMARINDO,"28",www.pueblodorado.com,"2",pueblodorado@racsa.co.cr,10.295,-85.843,Vida silvestre,"2018",
PUERTA DEL SOL B & B,2293-8109 / 2293-2023,2239-3733,"ROT 1 CASA 17 LOS ARCOS CIUDAD CARIARI, HEREDIA","20",www.bbpuertadelsol.com,"3",ND,9.973,-84.164,Suelos,"2018",
PUERTO CARRILLO,2656-1103,2656-1094,50 M ESTE IGLESIA CATOLICA PUERTO CARRILLO,"20",www.puertocarrillohotel.com,"3",info@puertocarrillohotel.com,10.513,-85.646,Suelos,"2018",
PUNTA COCLES,2750-0117,2750-0336,"5 KM SUR CARRETERA MANZANILLO, PUERTO VIEJO","48",ND,"2",ND,9.642,-82.721,Vida silvestre,"2018",
PUNTA ISLITA,2661-4044 / 2231-6122,2231-0715,10 KM SURESTE DE PLAYA CARRILLO,"54",www.hotelpuntaislita.com,"5",reservations@hotelpuntaislita.com,9.851,-85.401,Contaminacion aire ,"2019",
PUNTA LEONA,2231-3131 / 2625-8825,2231-2383,"PLAYA BLANCA, GARABITO","108",www.hotelpuntaleona.com,"4",info@hotelpuntaleona.com,9.699,-84.667,Mineria,"2018",
QUALITY REAL SAN JOSE,2204-6700,2204-6800,"PASEO REAL, LADO ESTE DE CENTRO DE NEGOCIOS FORUM","154",www.gruporeal.com,"5",ND,9.941,-84.171,Contaminacion aire ,"2019",
QUINTAS DE LA REGION,2710-5479 / 2710-7016,2710-5479,"SARAPIQUI, JUNTO A SANTA CLARA DEL RIO, CIUDAD LOS DIAMANTES","10",ND,"1",ND,10.453,-84.005,Agua ,"2019",
RADISSON EUROPA,2257-3257 / (800) 8333-3333,2257-8221,COSTADO NORTE DEL PERIODICO LA REPUBLICA,"107",www.radisson.com/sanjosecr,"5",info@radisson.co.cr,9.95,-84.079,Contaminacion aire ,"2019",
RAIN FOREST AERIAL TRAM LODGE,2257-5361,2257-6053,50 MINUTOS CAMINO A SAN JOSE,"10",www.rainforestrams.com,"2",ND,10.21,-83.858,Vida silvestre,"2018",
RAMADA PLAZA HERRADURA,2209-9800 / 2209-9841,2209-9822,5 KM SUR DEL AEROPUERTO INTERNACIONAL,"229",www.ramadaherradura.com,"4",reservaciones@ramadaherradura.com,9.974,-84.156,Mineria,"2018",
RAMGO APARTOTEL,2232-3823 / 2232-3366,2232-3111,200 M OESTE Y 100 M SUR DEL TENNIS CLUB,"16",ND,"0",ND,9.928,-84.105,Forestal ,"2019",Tala
RANCHO ARMADILLO LODGE,2670-0108,2670-0441,"400 M ESTE DEL ASTILLERO, PLAYAS DEL COCO","7",www.ranchoarmadillo.com,"2",info@ranchoarmadillo.com,10.548,-85.698,Vida silvestre,"2018",
RANCHO BROVILLA,2280-0000 / 2280-4919 / 8843-6749,,OSTIONAL,"0",www.brovill.com,"0",ND,9.994,-85.703,Forestal ,"2019",Incendio 
RANCHO CASA GRANDE,2777-3130 / 2777-1646,2777-1575,200 M NORTE DEL HOSPITAL,"24",www.ranchocasagrande.com,"4",info@ranchocasagrande.com,9.429,-84.161,Mineria,"2018",
RANCHO GRANDE,2654-4494,2654-4495,"200 M SUR DEL CRUCE POTRERO-FLAMINGO, FLAMINGO","10",www.guanacastelodge.com,"2",info@guanacastelodge.com,10.429,-85.792,Vida silvestre,"2018",
RANCHO LA BOTIJA,2770-2146 / 2770-2147,2770-2146,"6 KM DE SAN ISIDRO, CARRETERA A RIVAS DE PEREZ ZELEDON","11",www.rancholabotija.com,"2",ND,9.41,-83.665,Vida silvestre,"2018",
RANCHO MARGOT,2479-7259 / 8302-7318,2479-7660,EN LAS ORILLA DEL LAGO ARENAL Y EL VALLE DEL RIO CANO NEGRO,"10",www.ranchomargot.org,"3",info@ranchomargot.org,10.085,-84.466,Suelos,"2018",
RANCHO OROPENDOLA,2428-8600 / 2258-1621,ND,"EN SAN MATEO, DE LA IGLESIA 2 CUADRAS AL NORTE Y 3 CUADRAS AL OESTE","0",www.ranchoropendola.com,"2",info@ranchoropendola.com,9.935,-84.525,Vida silvestre,"2018",
RANCHO RIO PERLAS,2533-3341 / 2533-2542,2533-3085,"SAN FRANCISCO, AGUA CALIENTE","49",ND,"5",ND,9.796,-83.886,Contaminacion aire ,"2019",
RANCHO SUIZO LODGE,2682-0057,2682-0055,BOCAS DE NOSARA,"10",www.nosara.ch,"1",rsuizo@racsa.co.cr,9.96,-85.678,Agua ,"2019",
RARA AVIS,2764-1111 / 2710-8032,2764-1114,HORQUETAS SARAPIQUI,"12",www.rara-avis.com,"0",info@rara-avis.com,10.333,-83.954,Forestal ,"2019",Tala
REAL INTERCONTINENTAL COSTA RICA,2208-2100,2208-2101,EN FRENTE DEL CENTRO COMERCIAL MULTIPLAZA,"261",www.gruporeal.com,"5",ND,9.943,-84.156,Contaminacion aire ,"2018",
RESORT CRISTAL BALLENA,8365-6258,001 (212) 9016980,"7 KM AL SUR DE UVITA, FRENTE CAMPO DE ATERRIZAJE","23",www.cristal-ballena.com,"4",ND,9.155,-83.748,Mineria,"2018",
RINCON DEL VALLE,2296-1001 / 800 BARCELO,2231-5924,"DEL COLEGIO DE MEDICOS, 50 M ESTE Y 75 M SUR, SABANA SUR","42",www.barcelo.com,"3",ND,9.928,-84.104,Suelos,"2018",
RIO COLORADO LODGE,2232-4063,2231-5987,"200 M NORTE GUARDIA RURAL, BARRA DEL COLORADO","25",www.riocoloradolodge.com,"0",tarpon@riocoloradolodge.com,10.771,-83.594,Forestal ,"2019",Tala
RIO MARY,2474-4080,2474-4080,200 M ESTE SOBRE RIO AGUAS ZARCAS SAN CARLOS,"10",ND,"1",ND,10.372,-84.341,Agua ,"2019",
RIO PARISMINA,2236-1718,2236-1718,BOCA PARISMINA,"12",www.riop.com,"3",fish@riop.com,10.304,-83.351,Suelos,"2018",
RIO SIERPE LODGE,2284-5595,2788-8111,PUERTO SIERPE TOMAR BOTE POR 40 MINUTOS HASTA EL ALBERGUE,"14",ND,"0",ND,8.787,-83.624,Forestal ,"2019",Tala
ROCK RIVER LODGE,2692-1180,2692-1180,"TILARAN, 1 KM ESTE DEL SALON COMUNAL DE RIO PIEDRAS","14",ND,"2",ND,10.468,-84.958,Vida silvestre,"2018",
ROSA DE AMERICA,2433-2741,2433-2741,DEL SUPERMERCADO LA MANDARINA 100 M SUR Y 75 M ESTE,"11",www.larosadeamerica.com,"2",info@larosadeamerica.com,9.989,-84.309,Vida silvestre,"2018",
ROSA DEL PASEO,2257-3213 / 2257-3225,2223-2776,"PASEO COLON, ENTRE CALLES 28 Y 30","18",www.rosadelpaseo.com,"3",info@rosadelpaseo.com,9.932,-84.092,Suelos,"2018",
ROYAL DUTCH,2222-1414 / 2223-1811,2221-4558,AVENIDA CENTRAL Y 2 CALLE 4,"30",http://www.hotelroyaldutchcr.com/,"3",info@hotelroyaldutchcr.com,9.931,-84.08,Suelos,"2018",
SAAVEGRE,2740-1028,2740-1027,POR LA CARRETERA PANAMERICANA GIRE A LA DERECHA 80 KM,"28",www.savegre.co.cr,"3",ND,9.67,-83.975,Suelos,"2018",
SAMARA BEACH,2656-0218 / 2656-0518,2656-0326,PLAYA SAMARA,"20",www.hotelsamarabeach.com,"3",info@hotelsamarabeach.com,9.878,-85.523,Suelos,"2018",
SAMASATI,2756-8015,2756-8015,"PUERTO VIEJO, TALAMANCA","20",www.samasati.com,"2",samasati@samasati.com,9.654,-82.753,Vida silvestre,"2018",
SAN BOSCO,2479-9050,2479-9109,LA FORTUNA 100 M NORTE DEL BANCO NACIONAL DE COSTA RICA,"27",www.hotelsanboscocr.com,"1",info@hotelsanboscocr.com,10.47,-84.646,Agua ,"2019",
SAN GILDAR,2289-8843 / 2228-2497,2228-6454,250 M OESTE DE LA ESQUINA NORESTE DEL C.R. COUNTRY CLUB,"27",www.hotelsangildar.com,"3",info@hotelsangildar.com,9.93,-84.107,Suelos,"2018",
SAN ISIDRO,2770-3444 / 2770-3673,2770-3673,VILLA LIGIA,"51",www.hotelsanisidro.com,"1",ND,9.352,-83.689,Agua ,"2019",
SAN ISIDRO,2232-1212 / 2663-0031,2232-1222,CHACARITA,"50",ND,"1",ND,9.978,-84.774,Agua ,"2019",
SAN JOSE,2256-2191,2221-6684,"AVENIDA 2, CALLES 17 Y 19","24",ND,"1",ND,9.929,-84.07,Agua ,"2019",
SAN MIGUEL,2451-1302 / 2451-1301,2451-1301,NARANJO,"6",ND,"3",ND,10.095,-84.378,Suelos,"2018",
SANCHIRI,2574-5454,2574-8586,"2 KM DEL PARQUE DE PARAISO, CARRETERA A OROSI","12",www.sanchiri.com,"3",sanchiri@racsa.co.cr,9.813,-83.863,Suelos,"2018",
SANTO TOMAS,2255-0448,2222-3950,"AVENIDA 7, CALLES 3 Y 5","20",www.hotelsantotomas.com,"3",info@hotelsantotomas.com,9.935,-84.077,Suelos,"2018",
SARAPIQUI CENTRO NEOTROPICO,2761-1004,2761-1415,SARAPIQUI,"36",www.sarapiquis.org,"3",sarapiquis@ice.co.cr,10.452,-84.007,Suelos,"2018",
SELVA VERDE,2766-6800,2766-6011,300 M OESTE DE LA ESCUELA DE CHILAMATE,"45",www.selvaverde.com,"3",info@selvaverde.com,10.449,-84.062,Suelos,"2018",
SI COMO NO,2777-0777 / 2777-1250,2777-1093,5 KM MANUEL ANTONIO,"58",www.sicomono.com,"4",information@sicomono.com,9.442,-84.166,Mineria,"2018",
SIERRA,2775-0666 / 2775-0275,2775-0506,"ALAMEDA CIUDAD GOLFITO, PUNTARENAS","72",www.hotelsierra.com,"3",anaisabel@hotelsierra.com,8.636,-83.167,Suelos,"2018",
SILVER KING LODGE,8309-8125,8369-7912,LIMON,"10",www.silverkinglodge.com,"3",hal@silverkinglodge.com,9.99,-83.032,Suelos,"2018",
SIRENA,2777-0572,2777-0458,"25 M AL OESTE DEL BANCO NACIONAL DE COSTA RICA, QUEPOS","14",www.lasirenahotel.com,"1",info@lasirenahotel.com,9.426,-84.16,Agua ,"2019",
SLEEP INN,2222-0101,2221-2424,"AVENIDA 3, CALLE 9 Y 11","86",www.sleepinnsanjose.com,"4",ND,9.932,-84.075,Mineria,"2018",
SOL Y LUNA LODGE,8893-0198 / 8344-2774,8893-0198,PLAYA GRANDE 200 M OESTE Y 200 M NORTE PIZZERIA,"10",www.solylunalodge.net,"2",info@solylunalodge.net,10.334,-85.85,Vida silvestre,"2018",
SOLE D´ORO,2643-3247 / 2643-3172,2643-3441,50 M ESTE Y 50 M SUR DE SUPERMERCADO RAYO AZUL,"10",ND,"2",ND,9.614,-84.631,Vida silvestre,"2018",
SOLFRA,2240-2528 / 2240-5446,2297-0006,CENTRO DE TIBAS CALLE 2 AVENIDA 5,"4",www.costaricavacationapartments.com,"1",solfraco@racsa.co.cr,9.958,-84.08,Agua ,"2019",
SPORTSMENS LODGE,2221-2533,2222-6700,"BARRIO OTOYA, 200 M OESTE Y 25 M SUR DE LA RAMPA DE EMERGENCIAS HOSPITAL CALDERON GUARDIA","21",www.sportsmenscr.com,"2",ND,9.932,-84.068,Vida silvestre,"2018",
SUENO AZUL,2764-4444 / 2764-4244,2764-3129,SARAPIQUI,"55",www.suenoazulresort.com,"3",info@suenoazulresort.com,10.338,-83.958,Suelos,"2018",
SUERRE,2713-3000,2710-6376,"EN FRENTE DEL COLEGIO TECNICO, GUAPILES","68",www.suerre.com,"4",ND,10.206,-83.782,Mineria,"2018",
SUGAR BEACH,2654-4242,2654-4239,"3 KM PLAYA POTRERO, PLAYA PAN DE AZUCAR","28",www.sugar-beach.com,"3",sugarb@racsa.co.cr,10.473,-85.781,Suelos,"2018",
SUIZO LOCO LODGE,2755-0349,2755-0493,"PLAYA NEGRA, CALLE PLAZA VIQUEZ","10",www.suizolocolodge.com,"3",info@suizolocolodge.com,9.717,-82.819,Suelos,"2018",
SURF SIDE,2755-0246,ND,CAHUITA,"0",ND,"0",,9.737,-82.841,Forestal ,"2019",Invasion ASP 
TABACON GRAND SPA THERMAL RESORT,2519-1900 / 2460-2020,2519-1940,"DE LA FORTUNA SEGUIR LOS ROTULOS DE TABACON, 11 KM DEL CENTRO","114",www.tabacon.com,"5",ND,10.483,-84.697,Contaminacion aire ,"2018",
TACOTAL,2460-9998 / 2395-5699,2460-8552,DE LA IGLESIA CATOLICA 10 KM OESTE,"42",www.tacotal.com/index.html,"3",sales@tacotal.com,10.502,-84.702,Suelos,"2018",
TALAMANCA,2233-5033,2233-5420,"AVENIDA 2, CALLES 8 Y 10","50",ND,"3",ND,9.93,-84.083,Suelos,"2018",
TALAMANCA POCOCI,2710-3030 / 2710-2161,2710-1708,"ENTRADA PRINCIPAL, GUAPILES","48",ND,"3",ND,10.211,-83.789,Suelos,"2018",
TAMARINDO COSTA REAL,2653-0861 / 2653-0807,2653-0861,1.5 KM ANTES DE PLAYA TAMARINDO. FRENTE AL AEROPUERTO DE TAMARINDO,"23",ND,"3",ND,10.308,-85.819,Suelos,"2018",
TAMARINDO DIRIA,2653-0032,2653-0208,PLAYA TAMARINDO,"123",www.tamarindodiria.com,"4",ND,10.298,-85.84,Mineria,"2018",
TAMARINDO VISTA VILLAS,2653-0114,2653-0115,PLAYA TAMARINDO,"33",www.tamarindovistavillas.com,"0",ND,10.302,-85.837,Forestal ,"2019",Invasion ASP 
TAMBOR TROPICAL,2683-0011,2683-0013,100 M ESTE Y100 M NORTE DE LA ESCUELA,"12",www.tambortropical.com,"3",info@tambortropical.com,9.69,-85.103,Suelos,"2018",
TANGERI - CHALETS,2643-3001 / 2643-3157,2643-3158,"AVENIDA PASTOR DIAZ FRENTE A DHL, JACO","27",www.hoteltangeri.com,"2",info@hoteltangeri.com,9.611,-84.629,Vida silvestre,"2019",
TANGO MAR,2683-0134 / 2683-0001,2683-0003,"PLAYA QUIZALES, TAMBOR DE COBANO","42",www.tangomar.com,"4",information@tangomar.com,9.716,-85.018,Mineria,"2018",
TAPANTI,2232-0436 / 2231-5142,2233-0778,"62 KM A LO LARGO DE LA CARRETERA PANAMERICANA SUR, EL GUARCO EN CARTAGO, RUTA 2","10",ND,"2",ND,9.766,-83.8,Vida silvestre,"2019",
TATANKA (VILLA VERDE),2658-8426 / 2658-9011,2653-8312,PLAYA JUNQUILLAL,"10",www.hoteltatanka.com,"1",ND,10.148,-85.806,Agua ,"2019",
TENORIO LODGE,2466-8282 / 8886-5314,2466-8461,CAMINO DEL RETIRO 250 M A LA IZQUIERDA,"8",www.tenoriolodge.com,"3",infos@tenoriolodge.com.,10.733,-85.053,Suelos,"2018",
TERRAZA DEL PACIFICO,2643-3222 / 2440-6862,2440-6862,JACO,"42",www.terrazadelpacifico.com,"3",info@terrazadelpacifico.com,9.611,-84.628,Suelos,"2018",
TETEY LODGE,2533-1335,2533-1112,800 M SUR DE LA IGLESIA COLONIAL,"9",www.teteylodge.com,"2",info@teteylodge.com,9.79,-83.855,Vida silvestre,"2019",
TICO ALEMAN,2786-6232,2786-6860,"PALMAR NORTE, 50 M OESTE DEL BANCO NACIONAL","25",ND,"1",ND,8.958,-83.455,Agua ,"2019",
TIERRAS ENAMORADAS,2475-1081 / 2475-1082,2475-1084,"RUTA 272, 32 KM DE SAN RAMON 1 KM A MANO DERECHA SAN LORENZO","33",www.landsinlove.com,"3",reservations@landsinlove.com,10.087,-84.469,Suelos,"2018",
TILAJARI,2462-1212 / 2291-4081,2462-1414,"DE LA INTERSECCION DE MUELLE, DOBLE AL OESTE Y CONTINUE 800 M ESTE","76",www.tilajari.com,"4",info@tilajari.com,10.459,-84.462,Mineria,"2018",
TILAWA,2695-5050 / 2695-5666,2695-5766,"8 KM NORESTE DE TILARAN, CAMINO A LA LAGUNA","23",www.hotel-tilawa.com,"3",crfun@hotel-tilawa.com,10.497,-84.916,Suelos,"2018",
TIMARAI BAMBOO RESORT,2770-8360,2770-8355,PLAYA PALO SECO,"8",www.timarai.net,"4",ND,9.484,-84.299,Mineria,"2018",
TIOGA,2661-0270 / 2255-3115,2661-0127,BUENOS AIRES PUNTARENAS,"53",www.hoteltioga.com,"3",ND,9.185,-83.339,Suelos,"2018",
TISKITA JUNGLE LODGE,2296-8125,2296-8133,PUNTA BANCO,"17",www.tiskita-lodge.co.cr,"3",ND,8.369,-83.144,Suelos,"2018",
TORTUGA LODGE & GARDENS,2257-0766 / 2222-0333,2257-1665,BARRA DE TORTUGUERO,"27",costaricaexpeditions.com,"3",ND,10.538,-83.502,Suelos,"2018",
TORUMA,2234-8186,2224-4085,"CALLE 29 Y 31, AVENIDA CENTRAL","19",ND,"2",ND,9.931,-84.073,Vida silvestre,"2019",
TRAPP FAMILY LODGE,2645-5858 / 2645-5582,2645-5990,1 KM OESTE DE LA RESERVA BIOLOGICA MONTEVERDE,"26",www.trappfam.com,"2",trappfam@racsa.co.cr,10.301,-84.804,Vida silvestre,"2019",
TRES BANDERAS,2777-1871 / 2777-1284,2777-1478,MANUEL ANTONIO,"14",www.hoteltresbanderas.com,"3",banderas@racsa.co.cr,9.378,-84.142,Suelos,"2019",
TROPICANA DEL PACIFICO,2653-0503 / 2653-0504,2653-0261,PLAYA TAMARINDO,"44",www.tropicanacr.com,"3",reservations@tropicanacr.com,10.297,-85.841,Suelos,"2019",
TRYP COROBICI,2232-8122,2231-5698,AUTOPISTA GENERAL CANAS FRENTE A MAS X MENOS,"203",http://centralamerica.com/cr/hotel/corobici.htm,"4",Information@CentralAmerica.Com,9.936,-84.099,Mineria,"2019",
TUCULACA ARENAL VOLCANO,2479-7270,2479-7269,1.5 KM NORTE DEL PARQUE CENTRAL DE LA FORTUNA DE SAN CARLOS,"20",www.granarenal.com,"2",info@granarenal.com,10.481,-84.643,Vida silvestre,"2019",
TUETAL,2442-1804,2442-1804,EL TUETAL DE ALAJUELA,"6",ND,"1",ND,10.03,-84.225,Agua ,"2019",
TURTLE BEACH LODGE,2248-0707 / 2710-8068,2257-4409,"CANO PALMA, TORTUGUERO","55",www.turtlebeachlodge.com,"3",info@turtlebeachlodge.com,10.528,-83.499,Suelos,"2019",
UPALA,2470-0169,2470-0169,"UPALA, COSTADO NORTE DEL PARQUE","18",ND,"1",ND,10.896,-85.014,Agua ,"2019",
VALLADOLID,2260-2905 / 2260-2912,2260-2912,400 M DE LA UNIVERSIDAD NACIONAL AV.7 CALLE 7,"11",www.hotelvalladolid.net,"3",contactenos@hotelvalladolid.net,9.997,-84.113,Suelos,"2019",
VELA BAR,2777-0413,2777-1071,150 M ESTE DE LA SODA MARLIN EN PLAYAS DE MANUEL ANTONIO,"11",velabar@velabar.com,"1",ND,9.422,-84.166,Agua ,"2019",
VERDE MAR,2777-1805 / 2777-2122,2777-1311,MANUEL ANTONIO CONTIGUO DE CABINAS RAMIREZ,"20",www.maqbeach.com/verdemar.html,"2",verdemar@racsa.co.cr,9.379,-84.145,Vida silvestre,"2019",
VESUVIO,2221-7586 / 2221-8321,2248-9442,DE LA ENTRADA A EMERGENCIAS DEL HOSPITAL CALDERON GUARDIA 175 M OESTE,"20",www.hotelvesuvio.com,"3",info@hotelvesuvio.com,9.931,-84.072,Suelos,"2019",
VILLA ACACIA,2672-1000,2672-0272,PLAYA HERMOSA,"20",www.villacacia.com,"5",reservation@villacacia.com,10.572,-85.677,Contaminacion aire ,"2018",
VILLA BAULA,2653-0644 / 2653-0493,2653-0459,"CABO VELAS, PLAYA GRANDE","25",www.hotelvillabaula.com,"1",info@hotelvillabaula.com,10.334,-85.848,Agua ,"2019",
VILLA BELMAR,2672-0276 / 8820-8360,2672-0276,"PLAYA HERMOSA, 50 M NORTE DEL HOTEL EL VELERO","10",www.hotelvillabelmar.com,"2",info@hotelvillabelmar.com,10.571,-85.677,Vida silvestre,"2019",
VILLA BLANCA,2461-0300 / 2461-0301,2461-0302,"DEL HOSPITAL DE SAN RAMON 20 KM CARRETERA A LA FORTUNA, LOS ANGELES","34",www.villablanca-costarica.com,"3",ND,10.137,-84.478,Suelos,"2019",
VILLA BOSQUE,2777-0463,2777-0401,50 M NORESTE DEL PARQUE DE MANUEL ANTONIO,"17",www.hotelvillabosque.com,"2",info@hotelvillabosque.com,9.408,-84.154,Vida silvestre,"2019",
VILLA CALETAS,2630-3000 / 2637-0606,2637-0404,"2.5 KM CARRETERA A JACO, DESPUES DE PUNTA LEONA","37",/www.villacaletas.com,"5",ND,9.643,-84.627,Contaminacion aire ,"2018",
VILLA DEL SUENO,2672-0026,2672-0021,PLAYA HERMOSA,"42",www.villadelsueno.com,"0",ND,10.573,-85.677,Forestal ,"2019",Invasion ASP 
VILLA FLORENCIA LODGE,2557-3536,2556-2372,2 KM SURESTE DE LA TERCERA ENTRADA AL CATIE,"9",www.villaflorencia.com,"3",ND,9.872,-83.677,Suelos,"2019",
VILLA FLORES,2670-0269,2670-0787,PLAYAS DEL COCO,"0",ND,"0",ND,10.549,-85.696,Forestal ,"2019",Tala
VILLA GRACE,2642-0225,2642-0225,200 M ESTE DEL BANCO NACIONAL DE COSTA RICA,"38",www.hotelvillagrace.com,"1",ND,9.689,-85.099,Agua ,"2019",
VILLA HERMOSA,2643-7001,2643-7006,"DETRAS DE LA PLAZA DE DEPORTE, PLAYA HERMOSA","12",www.hermosasurfclub.com,"1",info@HermosaSurfClub.com,10.573,-85.673,Agua ,"2019",
VILLA HUETARES,2672-0052,2672-0051,PLAYA HERMOSA,"15",ND,"2",ND,10.573,-85.677,Vida silvestre,"2019",
VILLA LAPAS,2637-0232 / 2293-4821,2637-0227,DEL PUENTE DEL RIO TARCOLITOS 500 M ESTE,"48",www.villalapas.com,"3",ND,9.741,-84.582,Suelos,"2019",
VILLA NINA,2777-1221 / 2777-1554,2777-1497,5 KM DE LA IGLESIA CATOLICA DE QUEPOS,"14",ND,"3",ND,9.426,-84.138,Suelos,"2019",
VILLA ROCA,2777-1349 / 2777-2335,2777-2337,4 KM CARRETERA A MANUEL ANTONIO,"13",ND,"2",ND,9.436,-84.155,Vida silvestre,"2019",
VILLA TECA,27771117 / 27771762,"27771578",2 KM CARRETERA VIEJA MANUEL ANTONIO,"36",www.hotelvillatecacr.com,"3",ND,9.418,-84.161,Suelos,"2019",
VILLA TOURNON,2233-6622 / 2223-0729,2222-5211,150 M ESTE DEL PERIODICO LA REPUBLICA,"80",ND,"4",ND,9.94,-84.077,Mineria,"2018",
VILLA VERDE,2645-5025,2645-5115,1 KM ANTES DE LA RESERVA BIOLOGICA DE MONTEVERDE,"27",ND,"0",ND,10.301,-84.803,Forestal ,"2019",Incendio 
VILLA ZURQUI,2268-8856,2268-8856,CARRETERA BRAULIO CARRILLO (COSTADO SUR) 150 M ESTE DE LA BOMBA ZURQUI,"22",www.hotelvillazurqui.com,"1",info@hotelvillazurqui.com,10.029,-84.012,Agua ,"2019",
VILLAS DE CARIARI,2239-1003,2239-1341,DE LA ENTRADA PRINCIPAL DEL MELIA CARIARI 450 M SUROESTE,"20",www.villasdecariari.com,"3",info@villasdecariari.com,9.976,-84.16,Suelos,"2019",
VILLAS DEL CARIBE,2750-0202,2750-0203,"DE PUERTO VIEJO DE LIMON 5 KM AL SUR, PLAYA CHIQUITA","20",www.villasdelcaribe.com,"2",info@villasdelcaribe.com,9.639,-82.717,Vida silvestre,"2019",
VILLAS DEL RIO,2208-2400,2289-8835,COSTADO ESTE DEL COUNTRY CLUB EN SAN RAFAEL DE ESCAZU,"64",www.villasdelrio.com,"4",reservation@villasdelrio.com,9.926,-84.141,Mineria,"2018",
VILLAS ESTIVAL BEACHFRONT,2524-2294 / 2654-4579,2234-3277,PLAYA PRIETA,"12",www.villasestival.com,"3",info@villasestival.com,10.465,-85.777,Suelos,"2019",
VILLAS ESTRELLAMAR,2643-3102,2643-3453,400 M NORTE DEL MAS X MENOS JACO CENTRO,"28",ND,"3",ND,9.613,-84.624,Suelos,"2019",
VILLAS GIADA,2656-0132,2656-0131,"PLAYA SAMARA, AVENIDA CENTRAL, DE LA GUARDIA RURAL 250 M NORTE","13",www.hotelgiada.net,"2",info@hotelgiada.net,9.879,-85.527,Vida silvestre,"2019",
VILLAS LAS FLORES,2779-9669,2779-9668,PLAYA PALO SECO,"9",ND,"0",ND,9.484,-84.3,Forestal ,"2019",Tala
VILLAS LIRIO,2777-0403,2777-1182,4 KM CARRETERA A MANUEL ANTONIO. DE LA ESCUELA DE MANUEL ANTONIO ENTRADA A MANO IZQUIERDA,"23",www.villaslirio.com,"0",ND,9.409,-84.153,Forestal ,"2018",Tala
VILLAS PLAYA SAMARA,2656-0372 / 2256-8228,2656-0372,PLAYA SAMARA,"90",ND,"3",ND,9.878,-85.522,Suelos,"2019",
VILLAS RIO MAR,2787-0052 / 2787-0053,2787-0054,PLAYA DOMINICAL,"52",www.villasriomar.com,"3",info@villasriomar.com,9.249,-83.863,Suelos,"2019",
VILLAS SOL,2257-0607 / 2672-0001,2223-3086,PLAYA HERMOSA,"54",www.villassol.com,"4",info@villassol.com,10.575,-85.676,Mineria,"2018",
VISTA DE GOLF,2293-4371 / 2293-4348,2293-3279,"250 M ESTE DEL MELIA CARIARI, AVENIDA ANA MARINA","35",ND,"2",ND,9.974,-84.16,Vida silvestre,"2019",
VISTA DEL VALLE,2451-1165 /  2450-0900,2451-1165,"CALLE EL INDIO, ROSARIO DE NARANJO","14",www.vistadelvalle.com,"3",ND,10.041,-84.379,Suelos,"2019",
VOLCAN TURRIALBA,2273-4335 / 8383-6084,2273-0703,UBICADO EN LAS FALDAS DEL VOLCAN TURRIALBA A SOLO 5 KM,"22",www.volcanturrialbalodge.com,"2",ND,9.996,-83.776,Vida silvestre,"2019",
VOLCANO LODGE,2460-6080 / 2460-6022,2460-6020,7 KM OESTE DE LA FORTUNA CAMINO A NUEVO ARENAL,"20",www.volcanolodge.com,"3",ND,10.493,-84.688,Suelos,"2019",
WAGELIA,2556-1566 / 2556-1596,2556-1599,200 M OESTE DE PARQUE DE TURRIALBA,"18",www.hotelwagelia.com,"1",ND,9.903,-83.683,Agua ,"2018",
WALT PARAISO,2778-8060 / 2215-1515,2778- 8069,"ESTERILLOS OESTE, SEGUNDA ENTRADA","23",www.waltparaiso.com/walt,"2",info@waltparaiso.com,9.526,-84.456,Vida silvestre,"2019",
WHALES & DOLPHINS,2743-8150 / 8820-3521,2743-8150,"1 KM NORTE DE UVITA DE OSA, JARDINES DEL MORETE","20",www.whalesanddolphins.net,"3",sales@whalesanddolphins.net,9.173,-83.744,Suelos,"2019",
WHITE HOUSE COSTA RICA,2288-6362,2288-6365,600 M SUR DEL CEMENTERIO,"15",www.whitehousecostarica.com,"4",info@whitehousecostarica.com,9.897,-84.137,Mineria,"2018",
XANDARI,2443-2020,2442-4847,"TACACORI, ALAJUELA 1 KM AL NORESTE DEL SALON DIAMANTE","21",www.xandari.com,"4",ND,10.05,-84.206,Mineria,"2018",
YADRAN,2661-2662,2661-1944,BARRIO EL CARMEN AL FINAL DEL PASEO DE LOS TURISTAS,"37",ND,"4",ND,9.973,-84.849,Mineria,"2018",
ZONE BLUE,2257-8624,2257-8624,FRENTE AL INVU BARRIO AMON,"11",ND,"1",ND,9.935,-84.077,Agua ,"2018",
ALTA,2282-4160,2282-4162,"GUACHIPELIN, 2 KM OESTE DEL BANCO DE SAN JOSE","23",www.thealtahotel.com,"4",info@thealtahotel.com,9.917,-84.141,Mineria,"2018",
SUERRE CARIBBEAN BEACH,2759-9091,2759-9076,"FRENTE PLAYA PUNTA UVA, A 5 MINUTOS DE PUERTO VIEJO CARRETERA A MANZANILLO","40",www.suerre.com,"0",ND,9.639,-82.687,Forestal ,"2018",Tala
DANTICA CLOUD FOREST LODGE & GALLERY,2740-1067 / 2740-1069,2740-1071,SAN GERARDO DE DOTA,"0",,"0",info@dantica.com,9.669,-83.975,Forestal ,"2018",Tala
CASA TURIRE,2531-1111 / 2531-2244,2531-1075,"1.5 KM DEL CRUCE DE ATIRRO, TURRIALBA","16",www.hotelcasaturire.com,"4",info@hotelcasaturire.com,9.83,-83.652,Mineria,"2018",
,,,,,,,,,,,,
